prompt_tokens,generation_tokens,ttft,generation_time,user_id,question_id,launch_time,finish_time
7690.0,55.0,0.4422416687011719,0.7430005073547363,6,1,1756784875.4355824,1756784876.620825
8090.0,96.0,0.4470252990722656,1.4129765033721924,9,1,1756784876.31622,1756784878.1762226
7236.0,75.0,0.3502826690673828,1.0607943534851074,11,1,1756784876.8954813,1756784878.306559
7787.0,155.0,0.45807600021362305,2.299038887023926,7,1,1756784875.7286668,1756784878.4857824
6479.0,102.0,0.3762319087982178,1.5002257823944092,10,1,1756784876.6094284,1756784878.4858868
8158.0,87.0,1.6399567127227783,2.223090171813965,4,1,1756784874.853559,1756784878.716607
8381.0,207.0,0.46149349212646484,3.1572999954223633,8,1,1756784876.0221596,1756784879.640953
8983.0,153.0,0.44506168365478516,2.1005148887634277,13,1,1756784877.4836578,1756784880.0292344
7292.0,120.0,0.34989476203918457,1.6445744037628174,15,1,1756784878.064901,1756784880.0593703
7373.0,105.0,0.3145179748535156,1.4092214107513428,16,1,1756784878.3530939,1756784880.0768332
7723.0,121.0,0.31577253341674805,1.5987169742584229,17,1,1756784878.6405065,1756784880.554996
8593.0,300.0,0.36896705627441406,4.185249090194702,12,1,1756784877.1889193,1756784881.7431362
7701.0,140.0,0.3098165988922119,2.0831456184387207,22,1,1756784880.1021786,1756784882.4951417
7908.0,235.0,0.36195826530456543,3.325059175491333,18,1,1756784878.9365745,1756784882.6235924
8321.0,212.0,0.437716007232666,2.9551546573638916,19,1,1756784879.2306087,1756784882.62348
7553.0,139.0,0.36721181869506836,2.0191304683685303,24,1,1756784880.6836157,1756784883.0699582
8604.0,226.0,3.8275132179260254,4.477430582046509,5,1,1756784875.142526,1756784883.4474704
7707.0,107.0,0.4356257915496826,1.5917627811431885,28,1,1756784881.8456259,1756784883.8730145
8484.0,99.0,0.523369550704956,1.419754981994629,29,1,1756784882.1414037,1756784884.084529
9256.0,235.0,0.37885499000549316,3.4523346424102783,23,1,1756784880.3957498,1756784884.2269402
7445.0,202.0,0.36852145195007324,2.918506622314453,25,1,1756784880.9784226,1756784884.2654514
7307.0,157.0,2.321077823638916,4.171696424484253,14,1,1756784877.779072,1756784884.2718472
8020.0,226.0,0.3800375461578369,3.0932257175445557,27,1,1756784881.5554836,1756784885.0287468
7327.0,164.0,0.33133530616760254,2.0789926052093506,32,1,1756784883.019682,1756784885.4300106
7906.0,213.0,0.5434963703155518,2.6646034717559814,30,1,1756784882.4352422,1756784885.6433427
9009.0,166.0,0.4591667652130127,1.930894136428833,33,1,1756784883.307136,1756784885.697198
7204.0,160.0,0.2947831153869629,1.832474708557129,37,1,1756784884.46131,1756784886.5885682
8190.0,300.0,2.4079298973083496,4.672975540161133,21,1,1756784879.8127372,1756784886.8936436
6853.0,259.0,0.31937503814697266,2.827829599380493,35,1,1756784883.8857741,1756784887.0329797
8027.0,170.0,2.2713534832000732,5.304826021194458,20,1,1756784879.5173402,1756784887.0935204
8502.0,126.0,0.3489713668823242,1.2452166080474854,41,1,1756784885.6296124,1756784887.223801
7018.0,89.0,1.7901861667633057,3.0868608951568604,31,1,1756784882.7257001,1756784887.602748
7710.0,232.0,0.3134584426879883,2.4180550575256348,39,1,1756784885.0464208,1756784887.7779353
7646.0,246.0,0.3222777843475342,2.291457414627075,42,1,1756784885.9181516,1756784888.5318875
7977.0,102.0,1.9368102550506592,3.6044492721557617,34,1,1756784883.5939314,1756784889.1351914
7882.0,290.0,0.3198115825653076,2.731275796890259,46,1,1756784887.084786,1756784890.1358733
7257.0,300.0,0.29598355293273926,2.9726901054382324,48,1,1756784887.6645656,1756784890.9332392
7112.0,95.0,0.35370659828186035,1.2183589935302734,54,1,1756784889.4040914,1756784890.9761574
7037.0,57.0,0.31604623794555664,0.512192964553833,57,1,1756784890.2762544,1756784891.1044948
8422.0,93.0,0.369997501373291,1.0572004318237305,55,1,1756784889.693369,1756784891.1205668
6989.0,96.0,2.6954450607299805,3.8753693103790283,38,1,1756784884.7502706,1756784891.3210855
8466.0,121.0,0.3580455780029297,1.129342794418335,56,1,1756784889.9888775,1756784891.4762669
7896.0,129.0,2.290201425552368,5.038047552108765,36,1,1756784884.1723309,1756784891.5005805
8670.0,268.0,2.1410138607025146,10.02812385559082,26,1,1756784881.2653775,1756784893.4345157
7831.0,194.0,0.4192619323730469,2.364922046661377,61,1,1756784891.446985,1756784894.231169
8726.0,171.0,0.47102880477905273,2.060499668121338,62,1,1756784891.7360413,1756784894.2675705
8456.0,137.0,0.3423454761505127,1.5859265327453613,65,1,1756784892.6151474,1756784894.54342
8648.0,212.0,0.48207926750183105,2.457918167114258,63,1,1756784892.0299225,1756784894.9699204
8747.0,129.0,0.3714315891265869,1.3792364597320557,69,1,1756784893.7803361,1756784895.5310047
6443.0,300.0,1.3763298988342285,7.699618101119995,44,1,1756784886.507409,1756784895.5833578
8699.0,134.0,0.34972405433654785,1.338930368423462,71,1,1756784894.3572898,1756784896.045945
7467.0,300.0,0.31853795051574707,3.1549172401428223,66,1,1756784892.9014904,1756784896.374946
7461.0,137.0,0.29097867012023926,1.2889606952667236,73,1,1756784894.9375129,1756784896.517453
6788.0,300.0,2.139756679534912,7.749408006668091,47,1,1756784887.373623,1756784897.2627888
7679.0,168.0,2.2271616458892822,7.578121900558472,49,1,1756784887.9531658,1756784897.7584503
8035.0,187.0,2.9989936351776123,4.190444469451904,60,1,1756784891.1511545,1756784898.3405936
8047.0,276.0,2.6819770336151123,6.557035446166992,53,1,1756784889.116967,1756784898.3559804
7040.0,54.0,3.3033134937286377,2.990082025527954,64,1,1756784892.3210669,1756784898.6144633
7057.0,160.0,0.28533053398132324,2.0382726192474365,78,1,1756784896.384916,1756784898.70852
9414.0,118.0,0.37526917457580566,1.4726746082305908,80,1,1756784896.9660316,1756784898.813976
7446.0,225.0,3.134856700897217,10.362493515014648,40,1,1756784885.3415506,1756784898.8389013
7412.0,300.0,0.3003053665161133,3.5775108337402344,76,1,1756784895.8105223,1756784899.688339
8077.0,151.0,0.335968017578125,1.7272677421569824,83,1,1756784897.8353388,1756784899.8985753
7724.0,193.0,2.8622725009918213,9.333284139633179,50,1,1756784888.2393763,1756784900.4349334
8105.0,300.0,0.3262145519256592,3.4399662017822266,79,1,1756784896.6715193,1756784900.4377007
7076.0,249.0,0.2798442840576172,2.7665328979492188,82,1,1756784897.547866,1756784900.5942438
8737.0,182.0,0.4046175479888916,1.889937400817871,85,1,1756784898.4217114,1756784900.7162664
8598.0,187.0,0.36130833625793457,1.864079236984253,87,1,1756784899.0019617,1756784901.2273498
7081.0,34.0,0.2754960060119629,0.27559351921081543,95,1,1756784901.321565,1756784901.872655
8110.0,104.0,0.3255031108856201,0.9420075416564941,93,1,1756784900.7413666,1756784902.0088778
8185.0,269.0,2.552938938140869,13.013999223709106,45,1,1756784886.7956002,1756784902.3625388
7057.0,179.0,0.2840003967285156,1.7349469661712646,92,1,1756784900.453948,1756784902.4728963
7472.0,116.0,1.6750848293304443,3.49929141998291,86,1,1756784898.7130766,1756784903.8874536
7929.0,174.0,0.3791360855102539,2.042497158050537,98,1,1756784902.200167,1756784904.621801
7284.0,88.0,0.29747700691223145,1.1715569496154785,102,1,1756784903.3737595,1756784904.842794
7629.0,89.0,4.76588249206543,4.627383470535278,75,1,1756784895.5215876,1756784904.9148543
7434.0,300.0,4.062907934188843,7.70865797996521,67,1,1756784893.1970196,1756784904.968586
7706.0,54.0,0.32941293716430664,0.48847126960754395,105,1,1756784904.250939,1756784905.0688238
7187.0,76.0,0.31169986724853516,0.8093750476837158,104,1,1756784903.9558556,1756784905.0769312
8554.0,181.0,0.3583555221557617,1.9094507694244385,103,1,1756784903.6688712,1756784905.9366782
8859.0,294.0,0.3977804183959961,3.0860116481781006,100,1,1756784902.7839725,1756784906.267765
8276.0,242.0,3.251037359237671,12.711536169052124,58,1,1756784890.5717154,1756784906.5342894
8184.0,153.0,3.817525625228882,8.131164073944092,72,1,1756784894.6515388,1756784906.6002288
6412.0,300.0,3.27708101272583,15.145486831665039,51,1,1756784888.5363467,1756784906.958915
7515.0,143.0,4.134612083435059,7.598032236099243,74,1,1756784895.2261064,1756784906.9587514
8895.0,92.0,3.863353967666626,3.339618682861328,91,1,1756784900.1689408,1756784907.371914
7671.0,233.0,0.3140900135040283,1.9633395671844482,108,1,1756784905.11764,1756784907.3950706
8994.0,159.0,2.5405213832855225,5.665388584136963,89,1,1756784899.5911083,1756784907.7970188
7180.0,300.0,3.8602712154388428,15.483976364135742,52,1,1756784888.8212965,1756784908.165544
9131.0,213.0,3.1694788932800293,11.512024402618408,68,1,1756784893.4838638,1756784908.1653671
7963.0,121.0,4.854578733444214,6.354706525802612,81,1,1756784897.2607877,1756784908.4700737
7203.0,214.0,0.3124396800994873,2.1180596351623535,112,1,1756784906.2888248,1756784908.7193248
8773.0,108.0,4.994008541107178,5.6231207847595215,84,1,1756784898.1307693,1756784908.747899
7015.0,224.0,3.4495902061462402,12.144423246383667,70,1,1756784894.0659208,1756784909.6599343
7053.0,121.0,0.30262184143066406,1.534752368927002,118,1,1756784908.028367,1756784909.8657415
7467.0,147.0,0.2933464050292969,1.9517560005187988,120,1,1756784908.606547,1756784910.8516505
7325.0,300.0,3.895059823989868,16.325556993484497,59,1,1756784890.8581455,1756784911.0787628
8799.0,259.0,0.3695685863494873,3.209362745285034,117,1,1756784907.732771,1756784911.3117027
7348.0,300.0,0.32102251052856445,3.703735113143921,116,1,1756784907.4385407,1756784911.4632988
8465.0,249.0,0.3627955913543701,2.7718169689178467,121,1,1756784908.8943021,1756784912.0289156
9012.0,261.0,0.39536333084106445,2.7129428386688232,122,1,1756784909.1884198,1756784912.296727
7297.0,212.0,0.3491477966308594,1.984339714050293,125,1,1756784910.0517368,1756784912.385225
7802.0,300.0,0.35216736793518066,2.9211313724517822,124,1,1756784909.7650964,1756784913.0383956
7350.0,188.0,3.6464126110076904,6.370296955108643,101,1,1756784903.0780272,1756784913.0947373
8957.0,59.0,0.4071071147918701,0.5900564193725586,136,1,1756784913.2503204,1756784914.247484
7576.0,194.0,0.3276689052581787,1.7896246910095215,133,1,1756784912.3875904,1756784914.5048845
6983.0,273.0,3.452686309814453,9.867394208908081,97,1,1756784901.9042113,1756784915.2242923
8219.0,95.0,0.4430234432220459,1.0512139797210693,140,1,1756784914.4061422,1756784915.9003804
6939.0,219.0,4.653696060180664,12.396875858306885,88,1,1756784899.295678,1756784916.3462503
8127.0,219.0,0.3291749954223633,2.3191304206848145,138,1,1756784913.8247352,1756784916.4730413
7691.0,146.0,4.53349494934082,5.413188457489014,114,1,1756784906.8623588,1756784916.809043
8180.0,82.0,6.5210182666778564,3.2267086505889893,115,1,1756784907.1494577,1756784916.8971853
8552.0,148.0,6.037405014038086,8.849586009979248,99,1,1756784902.4887407,1756784917.375732
8066.0,108.0,0.3270106315612793,1.284623146057129,147,1,1756784916.449528,1756784918.061162
7447.0,300.0,5.094458818435669,17.09050679206848,77,1,1756784896.0971289,1756784918.282095
7424.0,252.0,4.648805379867554,8.846070528030396,107,1,1756784904.8276224,1756784918.3224983
7021.0,111.0,0.2922215461730957,1.3413844108581543,148,1,1756784916.735362,1756784918.3689685
8679.0,232.0,0.35552191734313965,2.7647125720977783,143,1,1756784915.281413,1756784918.4016476
9203.0,197.0,5.625281810760498,11.751240968704224,94,1,1756784901.0357401,1756784918.4122634
7840.0,268.0,0.31493234634399414,3.318955421447754,142,1,1756784914.9936252,1756784918.6275134
7495.0,300.0,3.5924854278564453,10.606032371520996,106,1,1756784904.537715,1756784918.7362332
6549.0,300.0,0.2659280300140381,3.623812675476074,145,1,1756784915.8706682,1756784919.7604089
7303.0,152.0,4.739931106567383,9.357109546661377,110,1,1756784905.7045827,1756784919.801624
7464.0,253.0,0.300182580947876,2.9988245964050293,149,1,1756784917.029015,1756784920.3280227
8508.0,204.0,0.3886435031890869,2.5971641540527344,152,1,1756784917.8955185,1756784920.8813262
8518.0,227.0,0.41251206398010254,2.7107632160186768,153,1,1756784918.1839206,1756784921.307196
7215.0,90.0,0.289355993270874,1.1071135997772217,159,1,1756784919.9385567,1756784921.3350263
7295.0,215.0,0.30174827575683594,2.621124029159546,155,1,1756784918.7723405,1756784921.695213
9061.0,160.0,0.40514659881591797,1.952606201171875,160,1,1756784920.2248003,1756784922.5825539
8364.0,84.0,0.33782434463500977,1.0214695930480957,164,1,1756784921.375022,1756784922.7343163
6758.0,300.0,0.27437925338745117,3.5872716903686523,156,1,1756784919.0673766,1756784922.929028
9313.0,144.0,4.476711273193359,9.165205240249634,123,1,1756784909.481765,1756784923.123682
6969.0,131.0,4.41191029548645,8.36186671257019,126,1,1756784910.3474722,1756784923.1212518
8550.0,300.0,5.487469673156738,18.136683464050293,90,1,1756784899.8802345,1756784923.504388
7031.0,202.0,0.2905287742614746,2.2025153636932373,165,1,1756784921.6716886,1756784924.1647334
7263.0,300.0,0.39557933807373047,3.354120969772339,161,1,1756784920.513839,1756784924.26354
9150.0,164.0,0.3840470314025879,1.7135493755340576,167,1,1756784922.2549107,1756784924.3525078
8052.0,141.0,0.31992340087890625,1.4863464832305908,169,1,1756784922.830427,1756784924.6366975
6789.0,300.0,3.227243661880493,10.195481777191162,131,1,1756784911.8028793,1756784925.225605
7037.0,147.0,0.2802612781524658,1.4731476306915283,172,1,1756784923.6931107,1756784925.44652
7692.0,300.0,5.8877832889556885,18.471798419952393,96,1,1756784901.6164157,1756784925.9759977
8136.0,231.0,5.593652963638306,7.774187088012695,135,1,1756784912.9602652,1756784926.3281062
8123.0,166.0,0.3348259925842285,1.443493366241455,175,1,1756784924.5554507,1756784926.3337705
7283.0,114.0,7.527823448181152,7.347726583480835,132,1,1756784912.0900805,1756784926.965632
8854.0,173.0,6.46217942237854,6.383294105529785,139,1,1756784914.1200218,1756784926.965496
7634.0,262.0,0.31156063079833984,2.441316604614258,174,1,1756784924.2700837,1756784927.0229614
7941.0,300.0,4.069129705429077,10.325213193893433,134,1,1756784912.672933,1756784927.067276
7625.0,223.0,4.539877414703369,14.24021315574646,119,1,1756784908.317891,1756784927.0979815
7649.0,114.0,7.032917022705078,7.365817546844482,137,1,1756784913.5374384,1756784927.936174
8712.0,300.0,4.1924238204956055,18.846784353256226,109,1,1756784905.4132788,1756784928.4524875
8967.0,107.0,7.0388524532318115,6.90528130531311,141,1,1756784914.6993484,1756784928.643483
8703.0,192.0,5.749474048614502,12.347611427307129,128,1,1756784910.9295762,1756784929.026662
8003.0,88.0,0.32335901260375977,1.1506679058074951,187,1,1756784928.0424118,1756784929.5164394
6920.0,233.0,0.2767302989959717,2.8080849647521973,182,1,1756784926.5729547,1756784929.6577706
6874.0,298.0,0.26790547370910645,3.4407148361206055,180,1,1756784925.9975345,1756784929.7061553
8537.0,155.0,0.3374142646789551,1.9287891387939453,185,1,1756784927.4588387,1756784929.7250426
7973.0,300.0,5.326289653778076,19.00670838356018,111,1,1756784905.992328,1756784930.3253267
7322.0,145.0,3.8983559608459473,5.655828237533569,162,1,1756784920.799877,1756784930.3540614
7997.0,231.0,0.3234372138977051,3.0136566162109375,184,1,1756784927.1650822,1756784930.5021765
7640.0,291.0,5.5063652992248535,18.49181604385376,113,1,1756784906.5761154,1756784930.5742974
8726.0,103.0,4.8198957443237305,3.8307411670684814,166,1,1756784921.9580684,1756784930.6087058
7816.0,54.0,0.3637380599975586,0.5055587291717529,194,1,1756784930.0681822,1756784930.9374797
7673.0,139.0,0.4351944923400879,1.6843631267547607,191,1,1756784929.2018118,1756784931.3213706
8707.0,215.0,6.5644989013671875,13.714709281921387,129,1,1756784911.217035,1756784931.4962437
8796.0,112.0,5.076772928237915,3.549992561340332,171,1,1756784923.405683,1756784932.032449
8904.0,175.0,0.36563968658447266,2.418814182281494,193,1,1756784929.7821863,1756784932.5666404
6748.0,300.0,0.2764425277709961,4.044826984405518,188,1,1756784928.3379195,1756784932.6591895
7565.0,144.0,7.672083139419556,9.079761743545532,146,1,1756784916.1606753,1756784932.9125206
9023.0,292.0,5.625289440155029,10.238073110580444,150,1,1756784917.3170424,1756784933.1804051
7262.0,66.0,0.3558523654937744,1.074927806854248,200,1,1756784931.8218827,1756784933.2526631
8564.0,283.0,0.3985879421234131,4.029549598693848,190,1,1756784928.9146361,1756784933.3427744
8233.0,93.0,0.37412214279174805,1.5002679824829102,199,1,1756784931.524731,1756784933.3991218
8411.0,170.0,7.2841291427612305,10.741789817810059,144,1,1756784915.5760443,1756784933.6019638
7531.0,155.0,0.308276891708374,2.4797215461730957,197,1,1756784930.9399798,1756784933.727979
6913.0,300.0,4.9377007484436035,19.0606746673584,127,1,1756784910.6422694,1756784934.6406453
8751.0,86.0,0.588482141494751,1.3618416786193848,203,1,1756784932.6954641,1756784934.6457884
6783.0,188.0,4.989818811416626,5.161181926727295,176,1,1756784924.8440676,1756784934.9950693
7265.0,68.0,0.3797433376312256,1.094980001449585,206,1,1756784933.5600953,1756784935.0348191
9005.0,172.0,0.4857065677642822,2.781621217727661,201,1,1756784932.1103036,1756784935.377633
8472.0,246.0,0.3542780876159668,3.979532480239868,198,1,1756784931.2340572,1756784935.5678685
7141.0,217.0,0.47644734382629395,3.478566884994507,202,1,1756784932.4052489,1756784936.3602636
8326.0,221.0,0.6389718055725098,3.396531343460083,204,1,1756784932.981834,1756784937.0173378
7556.0,80.0,0.3818016052246094,1.069154977798462,214,1,1756784935.8926728,1756784937.3436298
7778.0,275.0,5.484294176101685,5.636141538619995,181,1,1756784926.2835164,1756784937.4039526
8907.0,156.0,0.608731746673584,2.237736940383911,210,1,1756784934.7294228,1756784937.575892
7198.0,152.0,8.55221676826477,9.4208664894104,158,1,1756784919.64979,1756784937.6228743
7498.0,300.0,7.224250078201294,19.0138521194458,130,1,1756784911.5079782,1756784937.7460809
6877.0,208.0,0.5064117908477783,2.9024386405944824,209,1,1756784934.43983,1756784937.848681
6927.0,150.0,0.35002636909484863,1.9407479763031006,213,1,1756784935.5967922,1756784937.887567
9062.0,251.0,1.0183324813842773,3.6073663234710693,205,1,1756784933.2714593,1756784937.8971586
7122.0,173.0,0.3456704616546631,2.277205228805542,212,1,1756784935.3074408,1756784937.9303172
7964.0,134.0,0.4027111530303955,1.5634026527404785,216,1,1756784936.4685133,1756784938.4346278
8679.0,183.0,7.941817283630371,11.405709028244019,157,1,1756784919.3565724,1756784938.7041
7664.0,300.0,0.4988083839416504,4.0679755210876465,208,1,1756784934.14474,1756784938.7115247
7823.0,130.0,0.39287781715393066,1.4801983833312988,218,1,1756784937.0445518,1756784938.9176288
8377.0,120.0,0.3388371467590332,1.3172097206115723,223,1,1756784938.4925263,1756784940.1485736
7256.0,109.0,0.3035271167755127,1.1730506420135498,224,1,1756784938.7808874,1756784940.2574654
8269.0,197.0,0.3282768726348877,2.284900665283203,221,1,1756784937.9152458,1756784940.5284243
6979.0,123.0,0.2809901237487793,1.310502290725708,225,1,1756784939.067924,1756784940.659417
7167.0,138.0,7.601062297821045,8.387542009353638,177,1,1756784925.1322758,1756784941.1208806
8960.0,90.0,0.37586236000061035,0.8343274593353271,228,1,1756784939.9360325,1756784941.1462233
7137.0,99.0,0.31780314445495605,0.789515495300293,229,1,1756784940.2239704,1756784941.33129
8358.0,300.0,7.234025239944458,6.90039324760437,186,1,1756784927.7535813,1756784941.8879998
8767.0,128.0,0.5506711006164551,1.2506425380706787,233,1,1756784941.3877628,1756784943.1890764
8246.0,155.0,8.30049443244934,9.558499336242676,178,1,1756784925.419411,1756784943.2784064
8368.0,300.0,7.315227270126343,18.75767755508423,151,1,1756784917.6055007,1756784943.6784065
7778.0,202.0,1.5483803749084473,5.750619888305664,219,1,1756784937.3322732,1756784944.6312747
9160.0,300.0,7.694440126419067,18.73928451538086,154,1,1756784918.479569,1756784944.9132938
6896.0,136.0,0.27185988426208496,2.0082602500915527,238,1,1756784942.8349671,1756784945.1150882
8514.0,140.0,7.846265077590942,8.695810794830322,189,1,1756784928.6269805,1756784945.1690567
8115.0,197.0,2.725534439086914,5.110440492630005,220,1,1756784937.6181502,1756784945.4541252
8368.0,233.0,7.8965771198272705,14.475794792175293,170,1,1756784923.1169376,1756784945.48931
8621.0,137.0,4.0869035720825195,3.2922372817993164,222,1,1756784938.2024422,1756784945.5815833
7202.0,179.0,8.81391954421997,11.163131475448608,179,1,1756784925.7081885,1756784945.6852396
8089.0,153.0,0.32620739936828613,2.317500114440918,240,1,1756784943.419875,1756784946.0635827
8406.0,79.0,0.4380979537963867,1.1225340366363525,244,1,1756784944.5696788,1756784946.1303113
8966.0,137.0,0.38388657569885254,2.054320812225342,241,1,1756784943.7075224,1756784946.1457298
8587.0,64.0,0.432708740234375,0.9407398700714111,246,1,1756784945.149249,1756784946.5226982
8369.0,281.0,0.3813178539276123,3.9556548595428467,236,1,1756784942.2456656,1756784946.5826383
7287.0,113.0,5.356043338775635,1.7175650596618652,227,1,1756784939.6494691,1756784946.7230775
7352.0,74.0,6.510446786880493,4.686116695404053,215,1,1756784936.1796427,1756784947.3762062
6959.0,300.0,7.937023401260376,18.68521499633789,163,1,1756784921.0866063,1756784947.7088447
7208.0,125.0,0.4656260013580322,1.8884451389312744,247,1,1756784945.4402044,1756784947.7942755
8209.0,256.0,7.955098628997803,15.95807433128357,173,1,1756784923.9789176,1756784947.8920906
8023.0,200.0,8.583384037017822,12.497788667678833,183,1,1756784926.8688917,1756784947.950066
7753.0,300.0,0.32559776306152344,4.527994394302368,239,1,1756784943.129708,1756784947.9833002
8284.0,300.0,7.479812383651733,18.659965991973877,168,1,1756784922.5391638,1756784948.6789422
6974.0,300.0,0.34293413162231445,4.3525002002716064,242,1,1756784943.9939501,1756784948.6893847
7546.0,300.0,0.3514575958251953,4.245137453079224,243,1,1756784944.2809014,1756784948.8774984
9189.0,207.0,0.4324510097503662,2.7329907417297363,250,1,1756784946.3246436,1756784949.4900856
7205.0,257.0,0.353177547454834,3.3164806365966797,249,1,1756784946.0286677,1756784949.6983259
7932.0,212.0,0.46443748474121094,2.608921527862549,251,1,1756784946.6161473,1756784949.6895082
8000.0,183.0,0.40163469314575195,1.8209037780761719,256,1,1756784948.0587366,1756784950.2812757
6344.0,300.0,0.440277099609375,3.3449442386627197,252,1,1756784946.9034,1756784950.6886218
7899.0,300.0,0.5157947540283203,3.301654100418091,253,1,1756784947.1894674,1756784951.0069168
7598.0,156.0,6.6840996742248535,9.79193639755249,211,1,1756784935.021151,1756784951.4971879
7209.0,127.0,6.922824859619141,7.884182691574097,217,1,1756784936.755233,1756784951.562241
6601.0,300.0,0.2959156036376953,3.3147666454315186,259,1,1756784948.9353752,1756784952.546058
7719.0,162.0,0.30873656272888184,2.0479440689086914,264,1,1756784950.3934402,1756784952.7501214
8827.0,138.0,0.35524916648864746,1.7039027214050293,265,1,1756784950.6911345,1756784952.750287
7814.0,60.0,0.31752729415893555,0.9363195896148682,269,1,1756784951.8449502,1756784953.0987976
8255.0,116.0,0.3485145568847656,1.43577241897583,270,1,1756784952.1405687,1756784953.9248564
8915.0,99.0,0.37470149993896484,1.1365725994110107,272,1,1756784952.7236867,1756784954.2349615
7523.0,233.0,0.299907922744751,2.9182472229003906,267,1,1756784951.2708344,1756784954.4889903
7583.0,222.0,6.848006725311279,13.971327543258667,207,1,1756784933.849456,1756784954.6687913
6957.0,188.0,0.29944467544555664,2.0709593296051025,271,1,1756784952.4357898,1756784954.8061945
6885.0,133.0,5.885377645492554,8.243067502975464,231,1,1756784940.8003159,1756784954.9287612
7856.0,247.0,9.017924547195435,15.463427066802979,196,1,1756784930.6517172,1756784955.1330695
8873.0,125.0,6.738111734390259,7.729261636734009,232,1,1756784941.0958922,1756784955.5632668
7725.0,8.0,0.3181173801422119,0.10513877868652344,282,1,1756784955.60796,1756784956.0312169
7940.0,300.0,8.00526237487793,18.71157717704773,192,1,1756784929.4898367,1756784956.2066767
7212.0,275.0,0.32347631454467773,3.004102945327759,273,1,1756784953.0112486,1756784956.3388286
8417.0,300.0,8.235447406768799,18.65522027015686,195,1,1756784930.359489,1756784957.250157
8026.0,299.0,0.32674241065979004,3.172985553741455,276,1,1756784953.8702674,1756784957.3699954
7473.0,128.0,7.526183843612671,7.946530342102051,235,1,1756784941.960892,1756784957.4336061
7585.0,142.0,7.003525018692017,8.816875219345093,234,1,1756784941.6736028,1756784957.4940035
7107.0,171.0,0.2793588638305664,1.9335129261016846,281,1,1756784955.3130872,1756784957.5259593
7564.0,256.0,0.3080286979675293,2.964008092880249,279,1,1756784954.7374842,1756784958.0095217
9079.0,66.0,6.316313743591309,4.063378572463989,255,1,1756784947.7717273,1756784958.1514196
8055.0,174.0,0.33434295654296875,1.9892756938934326,283,1,1756784955.9038842,1756784958.2275028
6926.0,150.0,1.70491361618042,2.195726156234741,278,1,1756784954.4446797,1756784958.3453195
7249.0,101.0,0.2861757278442383,1.313694953918457,286,1,1756784956.778684,1756784958.3785546
8114.0,244.0,5.356628179550171,15.135740041732788,226,1,1756784939.3633337,1756784959.8557038
7219.0,137.0,0.28823113441467285,2.5251364707946777,289,1,1756784957.6560535,1756784960.4694211
8185.0,84.0,0.8053867816925049,1.1790392398834229,293,1,1756784958.8165343,1756784960.8009605
8369.0,146.0,0.3370945453643799,2.613847494125366,290,1,1756784957.9420862,1756784960.8930283
9319.0,147.0,0.7921464443206787,2.082923650741577,291,1,1756784958.231904,1756784961.1069744
8924.0,165.0,0.8182735443115234,2.224543571472168,292,1,1756784958.5216537,1756784961.5644715
7286.0,300.0,0.30588722229003906,4.666659832000732,288,1,1756784957.3618326,1756784962.3343804
8994.0,120.0,6.903652191162109,7.315597295761108,257,1,1756784948.3546486,1756784962.5738986
7631.0,221.0,0.3849818706512451,2.954373836517334,297,1,1756784959.9649267,1756784963.3042827
7086.0,108.0,7.837966442108154,6.566539764404297,260,1,1756784949.2315645,1756784963.6360712
7979.0,280.0,0.8505120277404785,3.771021604537964,294,1,1756784959.1024575,1756784963.7239916
6802.0,220.0,0.32042527198791504,2.951585054397583,299,1,1756784960.5410984,1756784963.8131092
8766.0,292.0,5.3639466762542725,18.07834553718567,230,1,1756784940.5112717,1756784963.9535644
7356.0,212.0,6.265781402587891,13.132282733917236,245,1,1756784944.8582451,1756784964.2563097
7477.0,106.0,8.39599871635437,6.570596218109131,261,1,1756784949.5231018,1756784964.489697
8120.0,92.0,8.99884843826294,5.674654960632324,262,1,1756784949.814867,1756784964.488371
7786.0,169.0,0.3229641914367676,2.455156087875366,303,1,1756784961.7100787,1756784964.4882
8280.0,219.0,0.34792637825012207,3.0309364795684814,301,1,1756784961.1262197,1756784964.505083
8515.0,67.0,0.4145328998565674,0.9156453609466553,309,1,1756784963.4602277,1756784964.7904062
8607.0,99.0,0.4880974292755127,1.348576545715332,310,1,1756784963.7506323,1756784965.5873063
8178.0,207.0,5.391095399856567,12.746135950088501,254,1,1756784947.4862692,1756784965.6235006
8477.0,208.0,0.5532617568969727,2.883084535598755,306,1,1756784962.587997,1756784966.0243437
6903.0,256.0,7.7152369022369385,15.785144329071045,237,1,1756784942.5404315,1756784966.0408132
8121.0,300.0,0.3890378475189209,4.341204881668091,304,1,1756784962.004436,1756784966.7346795
9029.0,300.0,0.4621753692626953,4.371934175491333,305,1,1756784962.2994156,1756784967.1335258
7337.0,66.0,0.45225071907043457,1.0587007999420166,317,1,1756784965.7793334,1756784967.2902853
7693.0,124.0,0.390470027923584,1.9797534942626953,315,1,1756784965.1951058,1756784967.56533
9064.0,181.0,2.382539987564087,3.885378122329712,302,1,1756784961.421962,1756784967.6898816
8669.0,172.0,0.3667733669281006,2.7554128170013428,314,1,1756784964.9048047,1756784968.0269914
8742.0,98.0,0.5563676357269287,1.5818114280700684,318,1,1756784966.0679054,1756784968.2060852
8720.0,55.0,0.5056376457214355,0.8824007511138916,322,1,1756784967.2193985,1756784968.6074374
8075.0,262.0,0.36055493354797363,4.050856828689575,312,1,1756784964.328119,1756784968.7395308
7186.0,106.0,0.5824012756347656,1.7402315139770508,324,1,1756784967.7937179,1756784970.1163511
7918.0,135.0,0.5680162906646729,2.207257032394409,323,1,1756784967.5057933,1756784970.2810674
6475.0,300.0,6.137253284454346,18.49098253250122,248,1,1756784945.7330875,1756784970.3613234
8836.0,173.0,9.692285537719727,10.562702894210815,263,1,1756784950.1040633,1756784970.3590522
8170.0,286.0,0.44105005264282227,4.681676864624023,316,1,1756784965.4895444,1756784970.6122718
8081.0,73.0,0.8233351707458496,1.1478729248046875,327,1,1756784968.6574044,1756784970.6286132
7231.0,201.0,0.4227924346923828,3.307147979736328,321,1,1756784966.9295192,1756784970.65946
7113.0,81.0,10.149804830551147,4.961740016937256,285,1,1756784956.4845319,1756784971.5960772
7249.0,138.0,9.684828996658325,8.387825965881348,275,1,1756784953.5845253,1756784971.657182
7797.0,182.0,9.715049743652344,11.145751237869263,266,1,1756784950.984841,1756784971.8456428
7810.0,300.0,0.3967926502227783,4.858696699142456,320,1,1756784966.6410124,1756784971.8965025
7761.0,146.0,0.5260727405548096,2.3460793495178223,329,1,1756784969.2307444,1756784972.1028972
8654.0,263.0,2.6450185775756836,4.902185916900635,313,1,1756784964.6165283,1756784972.1637332
7044.0,76.0,2.065613031387329,1.1856718063354492,328,1,1756784968.9441564,1756784972.195442
8225.0,136.0,0.6040446758270264,2.134917974472046,330,1,1756784969.5284874,1756784972.2674506
9084.0,207.0,0.6764094829559326,3.294161081314087,326,1,1756784968.3691342,1756784972.3397052
7567.0,114.0,9.733920812606812,6.9651312828063965,284,1,1756784956.1910958,1756784972.8901486
6852.0,300.0,0.5728976726531982,4.541937828063965,325,1,1756784968.0823195,1756784973.1971555
7702.0,213.0,0.40257740020751953,3.0041606426239014,332,1,1756784970.1091998,1756784973.5159388
8256.0,142.0,0.5192124843597412,1.8423879146575928,336,1,1756784971.2764409,1756784973.638042
8685.0,300.0,7.624328374862671,18.242838621139526,258,1,1756784948.6432803,1756784974.5104482
8238.0,262.0,0.4595828056335449,3.710156202316284,333,1,1756784970.4028687,1756784974.5726087
6957.0,67.0,10.3367760181427,3.927255868911743,300,1,1756784960.8289254,1756784975.0929577
8441.0,275.0,0.4298207759857178,3.86830997467041,335,1,1756784970.9886084,1756784975.2867403
7642.0,225.0,9.09463095664978,13.490118265151978,274,1,1756784953.297704,1756784975.882454
8515.0,189.0,10.068766117095947,11.182475566864014,280,1,1756784955.0268116,1756784976.278054
8370.0,300.0,0.6248102188110352,4.309813499450684,337,1,1756784971.5635655,1756784976.49819
6740.0,156.0,10.334146738052368,9.167625188827515,287,1,1756784957.0732224,1756784976.574995
8651.0,124.0,9.802358388900757,7.093721628189087,296,1,1756784959.6778681,1756784976.5739489
7747.0,178.0,0.33899998664855957,2.8333616256713867,344,1,1756784973.6149867,1756784976.7873487
8561.0,282.0,0.40132737159729004,4.25532078742981,340,1,1756784972.441817,1756784977.0984657
7188.0,185.0,0.3256673812866211,2.996108293533325,345,1,1756784973.9003344,1756784977.222111
7781.0,126.0,10.104835748672485,7.057143211364746,298,1,1756784960.2525392,1756784977.4145188
6868.0,168.0,0.3264620304107666,2.788831949234009,348,1,1756784974.7789326,1756784977.8942273
8045.0,300.0,0.38478755950927734,4.660931587219238,342,1,1756784973.0262046,1756784978.0719242
7409.0,231.0,0.3649258613586426,3.6354496479034424,346,1,1756784974.1953664,1756784978.1957426
7820.0,100.0,0.5849404335021973,1.4726479053497314,353,1,1756784976.23714,1756784978.2947288
7478.0,136.0,2.980017900466919,2.228208541870117,343,1,1756784973.316348,1756784978.524575
8228.0,224.0,0.46451544761657715,3.295464515686035,350,1,1756784975.3568988,1756784979.1168795
7196.0,300.0,9.942626476287842,17.64227032661438,268,1,1756784951.5573823,1756784979.1422796
8947.0,242.0,1.9958066940307617,5.088937997817993,339,1,1756784972.146675,1756784979.2314205
7526.0,147.0,0.7248296737670898,1.9445931911468506,355,1,1756784976.8168333,1756784979.4862566
7652.0,286.0,0.38204455375671387,4.270039081573486,349,1,1756784975.0658822,1756784979.7179663
7331.0,273.0,9.984590291976929,15.868468284606934,277,1,1756784954.157158,1756784980.0102172
8028.0,210.0,0.6601274013519287,2.916292667388916,354,1,1756784976.5262003,1756784980.1026204
7208.0,67.0,0.35637736320495605,0.9469940662384033,363,1,1756784979.1307285,1756784980.4341004
7907.0,138.0,9.772364139556885,7.529099225997925,308,1,1756784963.1721175,1756784980.4735816
6852.0,300.0,0.47858119010925293,4.346218109130859,351,1,1756784975.652945,1756784980.477745
8843.0,124.0,9.896345376968384,6.63055682182312,311,1,1756784964.0411477,1756784980.5680518
6851.0,300.0,0.5028746128082275,4.319182634353638,352,1,1756784975.942059,1756784980.7641168
7587.0,201.0,0.3988354206085205,2.6964685916900635,358,1,1756784977.6848147,1756784980.7801197
7140.0,170.0,9.146575927734375,9.266151666641235,307,1,1756784962.8845813,1756784981.2973094
7719.0,117.0,0.3489210605621338,1.4558143615722656,367,1,1756784980.28636,1756784982.0910964
8979.0,114.0,0.39113950729370117,1.3345582485198975,368,1,1756784980.5796006,1756784982.3052983
8610.0,100.0,6.522134065628052,5.192015886306763,334,1,1756784970.694623,1756784982.4087734
8402.0,233.0,0.46013736724853516,3.0981247425079346,364,1,1756784979.4188938,1756784982.977157
8724.0,62.0,0.40849804878234863,0.8509371280670166,372,1,1756784981.7477162,1756784983.0071518
8420.0,300.0,0.41655659675598145,4.047589063644409,361,1,1756784978.5573714,1756784983.0215175
7804.0,72.0,0.32099199295043945,0.924985408782959,374,1,1756784982.3234048,1756784983.569383
7240.0,148.0,0.31710171699523926,2.0083963871002197,371,1,1756784981.452511,1756784983.7780097
6875.0,300.0,0.45283937454223633,3.980173349380493,365,1,1756784979.7089489,1756784984.1419623
8234.0,300.0,8.942445516586304,15.888150930404663,295,1,1756784959.3904963,1756784984.2210934
8233.0,106.0,0.3799867630004883,1.495668888092041,375,1,1756784982.6112425,1756784984.486899
7896.0,126.0,0.36206793785095215,1.6602294445037842,376,1,1756784982.9064417,1756784984.928739
8304.0,138.0,0.4012937545776367,1.4541599750518799,379,1,1756784983.7717884,1756784985.6272426
8416.0,159.0,0.4262971878051758,1.5891664028167725,380,1,1756784984.0595562,1756784986.0750206
8448.0,75.0,5.760510444641113,2.695953369140625,359,1,1756784977.9734218,1756784986.4298866
7104.0,153.0,4.004051685333252,5.908361911773682,356,1,1756784977.1071885,1756784987.0196028
6783.0,209.0,0.36518383026123047,2.367992401123047,381,1,1756784984.3506377,1756784987.0838146
7136.0,216.0,6.23456883430481,9.20169973373413,338,1,1756784971.8561032,1756784987.2923725
8224.0,258.0,6.160351037979126,11.346134424209595,331,1,1756784969.8235404,1756784987.3300269
9306.0,277.0,0.39367246627807617,3.4770667552948,378,1,1756784983.4849222,1756784987.355662
7807.0,300.0,8.588225364685059,13.102672100067139,319,1,1756784966.3540192,1756784988.0449178
7772.0,143.0,0.3167097568511963,2.1793251037597656,386,1,1756784985.7997468,1756784988.2957823
8029.0,139.0,2.3578169345855713,4.937358140945435,370,1,1756784981.1638532,1756784988.459029
8033.0,217.0,5.702020645141602,8.284290790557861,347,1,1756784974.4876425,1756784988.4739552
8605.0,239.0,6.4594995975494385,9.445545673370361,341,1,1756784972.7374177,1756784988.6424634
7081.0,93.0,3.056800603866577,3.7044484615325928,373,1,1756784982.0341227,1756784988.7953725
7517.0,263.0,2.0246598720550537,8.527467012405396,360,1,1756784978.267531,1756784988.8196585
6937.0,87.0,0.31485676765441895,1.263479232788086,392,1,1756784987.5475469,1756784989.1258833
8305.0,151.0,0.3558640480041504,2.263181209564209,389,1,1756784986.6706464,1756784989.2896924
8485.0,159.0,0.39033985137939453,2.2506613731384277,390,1,1756784986.965698,1756784989.6067007
7748.0,213.0,0.31707310676574707,3.126208782196045,388,1,1756784986.3816843,1756784989.824967
7886.0,237.0,0.3086552619934082,3.500774621963501,387,1,1756784986.0952692,1756784989.9046996
9263.0,232.0,4.970887660980225,7.813877820968628,357,1,1756784977.3973129,1756784990.182079
6947.0,163.0,0.3328433036804199,1.9976475238800049,395,1,1756784988.4186435,1756784990.7491348
7033.0,160.0,0.34974098205566406,1.9028422832489014,396,1,1756784988.7086277,1756784990.9612117
8834.0,189.0,6.711309909820557,5.770104169845581,362,1,1756784978.843843,1756784991.3252583
6178.0,300.0,0.30329036712646484,3.9302010536193848,391,1,1756784987.2570822,1756784991.4905744
7443.0,279.0,1.9825234413146973,10.01168155670166,366,1,1756784979.9966085,1756784991.990815
8587.0,151.0,6.9137632846832275,4.209229230880737,369,1,1756784980.8683174,1756784991.9913104
8996.0,159.0,0.4330158233642578,1.9836218357086182,399,1,1756784989.5744123,1756784991.9910505
7481.0,300.0,0.35587549209594727,3.9622137546539307,393,1,1756784987.8414059,1756784992.1594958
6736.0,230.0,0.35773539543151855,2.9527554512023926,397,1,1756784988.9960597,1756784992.3065515
8501.0,166.0,3.53240704536438,6.4572601318359375,377,1,1756784983.1986384,1756784993.1883059
7005.0,158.0,0.28348493576049805,2.2935543060302734,403,1,1756784990.7364933,1756784993.3135335
7823.0,64.0,6.2883524894714355,2.299943208694458,385,1,1756784985.5102885,1756784994.098585
7801.0,136.0,2.8388237953186035,3.5226640701293945,394,1,1756784988.1317692,1756784994.4932578
8056.0,105.0,0.3810906410217285,1.626533031463623,410,1,1756784992.774876,1756784994.7825005
8141.0,223.0,0.42296648025512695,3.205548048019409,406,1,1756784991.6082826,1756784995.2367973
7085.0,222.0,0.4007754325866699,3.112061023712158,407,1,1756784991.9026928,1756784995.41553
7279.0,300.0,0.3022170066833496,4.243240118026733,404,1,1756784991.024832,1756784995.5702899
8376.0,300.0,0.375765323638916,4.113162517547607,405,1,1756784991.3198814,1756784995.8088098
8803.0,141.0,0.6729269027709961,1.6082994937896729,413,1,1756784993.6524224,1756784995.9336505
7908.0,226.0,0.41448163986206055,2.7673275470733643,411,1,1756784993.068238,1756784996.2500477
7982.0,293.0,0.33034276962280273,3.769838571548462,409,1,1756784992.481362,1756784996.581544
7394.0,164.0,0.3777449131011963,1.715705156326294,416,1,1756784994.522489,1756784996.6159396
9254.0,261.0,0.5676448345184326,2.950165033340454,412,1,1756784993.3569922,1756784996.8748033
7908.0,187.0,5.08426570892334,7.040350437164307,384,1,1756784985.2249687,1756784997.3495858
8768.0,246.0,3.757768392562866,9.136862754821777,383,1,1756784984.9383807,1756784997.8330126
8687.0,152.0,2.7508528232574463,5.089744329452515,401,1,1756784990.153917,1756784997.9945147
6782.0,300.0,4.496346950531006,9.258501529693604,382,1,1756784984.646358,1756784998.4012072
8679.0,147.0,4.307871580123901,5.353485107421875,398,1,1756784989.2847137,1756784998.9460714
7497.0,300.0,0.29371047019958496,3.2418036460876465,422,1,1756784996.2883093,1756784999.823824
8481.0,75.0,2.334202527999878,2.8534698486328125,418,1,1756784995.136908,1756785000.3245807
8424.0,281.0,0.37107110023498535,3.207049608230591,424,1,1756784996.8723018,1756785000.450423
7071.0,136.0,1.4673092365264893,5.398291826248169,415,1,1756784994.2335842,1756785001.0991857
7397.0,278.0,0.29991602897644043,3.6325831413269043,427,1,1756784997.7404218,1756785001.6729214
8507.0,270.0,0.3422658443450928,3.556800365447998,428,1,1756784998.028971,1756785001.9280381
8242.0,178.0,5.448797941207886,6.690418004989624,400,1,1756784989.8661757,1756785002.0053937
7633.0,172.0,0.3895294666290283,2.511669158935547,433,1,1756784999.4830697,1756785002.3842688
7787.0,139.0,0.362762451171875,2.1253106594085693,435,1,1756785000.055796,1756785002.5438695
6089.0,300.0,0.23790645599365234,4.3050336837768555,430,1,1756784998.6095138,1756785003.1524546
8824.0,243.0,0.3898906707763672,3.6214966773986816,432,1,1756784999.193565,1756785003.2049527
6904.0,61.0,4.085719108581543,1.974365472793579,426,1,1756784997.4452462,1756785003.5053313
8138.0,142.0,2.973985433578491,5.167613744735718,419,1,1756784995.4276252,1756785003.569225
9036.0,115.0,3.8555352687835693,4.194113492965698,420,1,1756784995.7141302,1756785003.7637796
7026.0,192.0,0.4326627254486084,2.783597946166992,438,1,1756785000.9190705,1756785004.135332
8854.0,89.0,0.4637479782104492,1.0465340614318848,444,1,1756785002.6646335,1756785004.1749163
7975.0,201.0,1.768345832824707,7.652431964874268,417,1,1756784994.8086655,1756785004.229444
7725.0,197.0,6.634734869003296,7.2425453662872314,402,1,1756784990.4410448,1756785004.3183258
7591.0,207.0,0.6134343147277832,2.76632022857666,440,1,1756785001.5025167,1756785004.882272
8833.0,300.0,0.41773390769958496,4.32093358039856,437,1,1756785000.6327052,1756785005.3713734
6854.0,210.0,0.6277828216552734,2.8061413764953613,442,1,1756785002.0808158,1756785005.5147405
6960.0,235.0,0.6242475509643555,3.212501287460327,441,1,1756785001.792247,1756785005.6289964
7996.0,28.0,0.398348331451416,0.41813111305236816,452,1,1756785004.9896164,1756785005.8060963
7691.0,143.0,0.3702876567840576,1.9422624111175537,447,1,1756785003.5392776,1756785005.8518279
7444.0,300.0,2.5979952812194824,11.25684404373169,408,1,1756784992.1924663,1756785006.0473063
9124.0,300.0,0.5679118633270264,4.274823904037476,439,1,1756785001.208158,1756785006.0508947
8573.0,200.0,4.928626775741577,7.198532342910767,414,1,1756784993.9476836,1756785006.0748432
7626.0,166.0,4.003535509109497,5.95864200592041,423,1,1756784996.5827365,1756785006.5449145
8104.0,97.0,3.7568836212158203,3.349928379058838,436,1,1756785000.3452332,1756785007.4520457
8229.0,180.0,0.4505126476287842,2.465555429458618,453,1,1756785005.2843738,1756785008.2004418
8711.0,186.0,0.48990654945373535,2.489198684692383,454,1,1756785005.5743139,1756785008.5534196
7108.0,300.0,0.36887645721435547,4.080401182174683,449,1,1756785004.1192064,1756785008.5684848
7743.0,159.0,0.3118093013763428,2.1538801193237305,456,1,1756785006.158499,1756785008.624189
7096.0,300.0,0.32811880111694336,4.150080919265747,451,1,1756785004.7037387,1756785009.181939
7336.0,300.0,4.158071756362915,9.33044695854187,421,1,1756784996.0022883,1756785009.4908075
8378.0,191.0,0.3921854496002197,2.5304677486419678,458,1,1756785006.7398798,1756785009.662534
7307.0,272.0,0.29816126823425293,3.6968400478363037,457,1,1756785006.4529042,1756785010.447906
7866.0,96.0,3.621351957321167,3.8795549869537354,445,1,1756785002.9592302,1756785010.460138
6996.0,248.0,0.3916633129119873,3.24528169631958,459,1,1756785007.0279796,1756785010.6649253
7290.0,245.0,4.358579874038696,9.352476835250854,425,1,1756784997.1589348,1756785010.869992
9093.0,65.0,3.577008008956909,2.8801658153533936,450,1,1756785004.4126842,1756785010.8698585
7057.0,269.0,5.087286710739136,7.474226713180542,429,1,1756784998.323485,1756785010.8849995
8637.0,198.0,0.43234801292419434,2.590477705001831,462,1,1756785007.902837,1756785010.9256637
8112.0,187.0,3.9073352813720703,4.270618438720703,446,1,1756785003.2498095,1756785011.427764
8460.0,210.0,0.37032651901245117,2.6751770973205566,464,1,1756785008.4836898,1756785011.5291934
7186.0,193.0,0.39327478408813477,2.3764779567718506,467,1,1756785009.3546097,1756785012.1243632
8526.0,300.0,6.3278162479400635,6.945282936096191,431,1,1756784998.9044507,1756785012.1775503
9063.0,299.0,0.4154379367828369,3.969205379486084,466,1,1756785009.0648143,1756785013.4494581
8317.0,87.0,0.3671760559082031,1.2856688499450684,476,1,1756785011.9688053,1756785013.6216507
9005.0,199.0,3.0011212825775146,8.268476963043213,443,1,1756785002.3756213,1756785013.64522
7815.0,284.0,0.43633532524108887,3.7869131565093994,468,1,1756785009.6406045,1756785013.863854
7891.0,274.0,3.0980725288391113,11.006319522857666,434,1,1756784999.769896,1756785013.874289
7773.0,229.0,0.3392055034637451,3.178232431411743,472,1,1756785010.7950613,1756785014.3124998
6576.0,300.0,0.31721973419189453,3.9999806880950928,470,1,1756785010.2158692,1756785014.5330696
7923.0,235.0,0.3407750129699707,3.271559715270996,474,1,1756785011.3855953,1756785014.9979305
8129.0,120.0,2.5609543323516846,5.306699991226196,460,1,1756785007.3235102,1756785015.1911645
6922.0,270.0,6.500105857849121,5.284685373306274,448,1,1756785003.8306413,1756785015.6154327
8407.0,140.0,0.5432281494140625,2.0299594402313232,480,1,1756785013.1407058,1756785015.7138934
7015.0,158.0,0.5398452281951904,2.3462421894073486,481,1,1756785013.4359264,1756785016.3220146
6963.0,175.0,0.5533382892608643,2.6469264030456543,482,1,1756785013.7252235,1756785016.925489
7539.0,57.0,4.062502861022949,1.9715428352355957,473,1,1756785011.0894768,1756785017.123523
8546.0,296.0,0.4395570755004883,4.542256116867065,477,1,1756785012.2568536,1756785017.238667
7871.0,88.0,0.5381698608398438,1.4922821521759033,488,1,1756785015.4586418,1756785017.4890938
7084.0,147.0,0.4013633728027344,2.4854767322540283,486,1,1756785014.881631,1756785017.7684715
8256.0,129.0,0.4797787666320801,2.1813037395477295,487,1,1756785015.170154,1756785017.8312376
9050.0,300.0,0.4748091697692871,4.746912717819214,479,1,1756785012.8442402,1756785018.0659628
7482.0,81.0,0.6632850170135498,1.2550592422485352,491,1,1756785016.3420997,1756785018.2604446
8096.0,119.0,3.697965621948242,4.182059049606323,471,1,1756785010.5059862,1756785018.3860116
7570.0,138.0,0.5726468563079834,2.111905813217163,489,1,1756785015.747586,1756785018.4321392
8341.0,222.0,0.3866446018218994,3.49550461769104,485,1,1756785014.5930393,1756785018.4751892
8245.0,243.0,3.061779260635376,9.641113519668579,455,1,1756785005.8672197,1756785018.570113
7145.0,105.0,0.4883232116699219,1.4803214073181152,494,1,1756785017.2135649,1756785019.18221
7661.0,216.0,3.580289602279663,7.346512079238892,465,1,1756785008.7761505,1756785019.7029524
8410.0,165.0,0.46689581871032715,2.472700595855713,493,1,1756785016.9241173,1756785019.8637142
7590.0,136.0,4.57223653793335,3.844555139541626,475,1,1756785011.6736822,1756785020.0904746
6999.0,254.0,3.3535659313201904,8.718313217163086,463,1,1756785008.193378,1756785020.265258
7228.0,243.0,0.5966458320617676,3.7782394886016846,490,1,1756785016.043876,1756785020.4187613
8152.0,90.0,0.3665468692779541,1.4075720310211182,499,1,1756785018.655604,1756785020.429723
8297.0,175.0,0.5784399509429932,2.4982128143310547,495,1,1756785017.5016,1756785020.5782533
8957.0,126.0,0.5230770111083984,1.519449234008789,500,1,1756785018.9508383,1756785020.993365
7742.0,300.0,3.2131998538970947,10.478397607803345,461,1,1756785007.6100533,1756785021.3016508
8950.0,102.0,2.1255311965942383,2.8904221057891846,492,1,1756785016.6271102,1756785021.6430635
7177.0,37.0,6.3393495082855225,1.2782135009765625,484,1,1756785014.3008153,1756785021.9183803
9097.0,300.0,2.6533021926879883,7.3439977169036865,478,1,1756785012.5508971,1756785022.548197
8523.0,300.0,0.3593738079071045,4.261139392852783,498,1,1756785018.3640995,1756785022.9846127
5723.0,300.0,3.0570144653320312,10.097237825393677,469,1,1756785009.9301543,1756785023.0844066
7569.0,109.0,2.50447678565979,2.8361454010009766,496,1,1756785017.7883043,1756785023.1289265
8762.0,255.0,0.5136055946350098,3.536677360534668,501,1,1756785019.2393017,1756785023.2895846
7299.0,217.0,0.5909357070922852,2.933811902999878,503,1,1756785019.8162026,1756785023.3409507
7949.0,254.0,0.5576343536376953,3.4468610286712646,502,1,1756785019.5275795,1756785023.5320754
8923.0,183.0,0.36687159538269043,2.649319887161255,507,1,1756785020.9777093,1756785023.9939008
7933.0,29.0,0.5479986667633057,0.4899163246154785,519,1,1756785024.4835768,1756785025.5214918
8037.0,109.0,0.39022397994995117,1.8471200466156006,516,1,1756785023.6026628,1756785025.8400078
8733.0,233.0,0.43960118293762207,3.7584941387176514,510,1,1756785021.8552501,1756785026.0533464
9190.0,108.0,0.4715464115142822,1.931532621383667,517,1,1756785023.8967195,1756785026.2997994
7414.0,230.0,0.47802186012268066,3.7941830158233643,511,1,1756785022.1507695,1756785026.422975
8634.0,278.0,0.3739655017852783,4.568046808242798,509,1,1756785021.5595098,1756785026.5015228
8867.0,225.0,0.5885992050170898,3.746750831604004,512,1,1756785022.4456134,1756785026.780964
7435.0,200.0,4.908264875411987,3.8710999488830566,497,1,1756785018.076923,1756785026.8562882
9230.0,128.0,2.454237699508667,3.999081611633301,505,1,1756785020.3942027,1756785026.8475225
8157.0,289.0,4.142254590988159,8.943538665771484,483,1,1756785014.0140038,1756785027.0997975
6885.0,166.0,0.48891162872314453,3.181382179260254,518,1,1756785024.1832116,1756785027.8535054
7664.0,268.0,0.375852108001709,4.695057392120361,514,1,1756785023.0212078,1756785028.0921178
7509.0,103.0,0.45636653900146484,2.02295184135437,523,1,1756785025.6478891,1756785028.127208
8876.0,124.0,0.9627411365509033,2.4291043281555176,520,1,1756785024.7693222,1756785028.1611683
8874.0,155.0,3.2700464725494385,4.414675235748291,506,1,1756785020.6826212,1756785028.3673434
8817.0,214.0,1.5486164093017578,6.7485058307647705,504,1,1756785020.1058245,1756785028.4029472
7857.0,98.0,0.8172175884246826,1.479684829711914,527,1,1756785026.806116,1756785029.1030185
7137.0,251.0,2.0189850330352783,3.790245532989502,515,1,1756785023.3120909,1756785029.1213214
8788.0,113.0,0.8226101398468018,1.7980072498321533,526,1,1756785026.5173287,1756785029.1379466
6769.0,209.0,0.36287593841552734,3.723992347717285,521,1,1756785025.0651474,1756785029.152016
6989.0,151.0,0.4808187484741211,2.5548417568206787,525,1,1756785026.2256463,1756785029.2613075
8368.0,213.0,1.06599760055542,3.339369773864746,522,1,1756785025.3573809,1756785029.7627482
7740.0,124.0,0.4861159324645996,1.4066057205200195,534,1,1756785028.8446434,1756785030.737365
9059.0,300.0,1.082305908203125,4.305495023727417,524,1,1756785025.9364376,1756785031.324239
7601.0,261.0,0.8133416175842285,3.4662675857543945,528,1,1756785027.0947034,1756785031.374313
8028.0,287.0,0.9005396366119385,3.7656443119049072,529,1,1756785027.382171,1756785032.048355
7193.0,33.0,2.610626220703125,1.2772433757781982,532,1,1756785028.2670043,1756785032.1548746
8741.0,86.0,1.5283622741699219,3.2710490226745605,530,1,1756785027.6778896,1756785032.4773016
9123.0,66.0,0.38718390464782715,1.0575950145721436,543,1,1756785031.4678934,1756785032.912673
8507.0,300.0,0.44387006759643555,4.148644685745239,533,1,1756785028.5582767,1756785033.150792
7906.0,237.0,4.163257122039795,7.7330262660980225,508,1,1756785021.273413,1756785033.169697
8193.0,146.0,0.36655402183532715,2.2198877334594727,540,1,1756785030.5974567,1756785033.1838992
8479.0,153.0,0.42847585678100586,2.337087869644165,541,1,1756785030.8845496,1756785033.650114
7223.0,119.0,0.39315152168273926,1.9194772243499756,544,1,1756785031.7558434,1756785034.0684729
8722.0,300.0,0.38210320472717285,4.390902757644653,537,1,1756785029.72077,1756785034.4937766
9336.0,110.0,0.558678388595581,1.7069895267486572,546,1,1756785032.3375862,1756785034.6032546
7763.0,136.0,0.6301164627075195,1.8655412197113037,548,1,1756785032.921123,1756785035.4167814
7139.0,144.0,0.4128878116607666,1.9316189289093018,551,1,1756785033.7919388,1756785036.1364472
7889.0,166.0,0.3887653350830078,2.272275686264038,550,1,1756785033.5054061,1756785036.1664474
7450.0,97.0,0.33313679695129395,1.2704308032989502,554,1,1756785034.6715653,1756785036.2751334
7434.0,275.0,0.40064167976379395,4.025106191635132,545,1,1756785032.0512137,1756785036.4769633
8545.0,300.0,2.2165884971618652,5.1631739139556885,535,1,1756785029.133842,1756785036.5136049
7916.0,239.0,0.6063244342803955,3.3394012451171875,547,1,1756785032.6256437,1756785036.5713701
8390.0,148.0,0.48581552505493164,1.6055896282196045,557,1,1756785035.549245,1756785037.6406507
7501.0,265.0,0.4322199821472168,3.1811749935150146,552,1,1756785034.0895596,1756785037.7029552
9021.0,166.0,2.517504930496216,5.800937652587891,536,1,1756785029.4233594,1756785037.741803
7282.0,138.0,0.31527209281921387,1.4892075061798096,559,1,1756785036.1401737,1756785037.944654
8693.0,45.0,3.361433744430542,1.5296411514282227,549,1,1756785033.2107475,1756785038.1018236
8105.0,155.0,2.941821813583374,5.391132831573486,538,1,1756785030.0086896,1756785038.341645
8095.0,262.0,0.3958561420440674,3.090500593185425,556,1,1756785035.2629468,1756785038.7493043
7902.0,300.0,5.279724597930908,10.890281200408936,513,1,1756785022.7333353,1756785038.9033418
7098.0,255.0,2.1487865447998047,9.359694957733154,531,1,1756785027.975091,1756785039.4835732
7028.0,138.0,0.2731289863586426,1.4572153091430664,565,1,1756785037.8958497,1756785039.626195
8027.0,90.0,2.0504207611083984,2.803590774536133,555,1,1756785034.9679084,1756785039.821921
9130.0,300.0,0.3663976192474365,3.6256096363067627,562,1,1756785037.0140202,1756785041.006028
7090.0,202.0,3.5921525955200195,7.495458602905273,539,1,1756785030.3036513,1756785041.391264
6790.0,300.0,0.264803409576416,3.822556257247925,564,1,1756785037.604082,1756785041.6914423
7946.0,114.0,0.35605740547180176,1.652115821838379,572,1,1756785039.9218085,1756785041.9299822
8926.0,87.0,0.41745853424072266,1.399610996246338,574,1,1756785040.5108883,1756785042.3279583
8954.0,62.0,0.513460636138916,1.0087637901306152,575,1,1756785040.805863,1756785042.3280876
7639.0,163.0,2.267119884490967,3.6781811714172363,560,1,1756785036.427522,1756785042.3728235
8549.0,264.0,0.3655059337615967,3.5872859954833984,567,1,1756785038.472244,1756785042.4250371
8368.0,193.0,3.989123821258545,7.303149938583374,542,1,1756785031.178542,1756785042.4708164
7989.0,62.0,0.5819756984710693,0.9924650192260742,576,1,1756785041.093341,1756785042.6677823
8498.0,194.0,0.3561389446258545,2.959681510925293,571,1,1756785039.633439,1756785042.94926
7645.0,72.0,0.6125404834747314,1.1606221199035645,577,1,1756785041.3802228,1756785043.1533859
7395.0,151.0,3.5910019874572754,5.889451742172241,553,1,1756785034.384319,1756785043.8647733
6541.0,300.0,0.2599306106567383,4.488119840621948,570,1,1756785039.3452854,1756785044.0933363
9082.0,118.0,2.800962448120117,4.398962736129761,566,1,1756785038.1850617,1756785045.3849869
8336.0,207.0,0.38566040992736816,2.904991388320923,580,1,1756785042.2525463,1756785045.5431988
8899.0,243.0,4.792989253997803,4.4497880935668945,561,1,1756785036.72011,1756785045.962888
7056.0,261.0,0.36289525032043457,3.729057550430298,579,1,1756785041.963798,1756785046.055751
8390.0,164.0,0.3739650249481201,2.2798759937286377,584,1,1756785043.4118876,1756785046.0657294
8482.0,244.0,0.4228551387786865,3.3124608993530273,581,1,1756785042.5417988,1756785046.2771153
7665.0,66.0,0.48627209663391113,0.6557586193084717,591,1,1756785045.4347913,1756785046.576822
6985.0,187.0,0.4847598075866699,2.2527847290039062,586,1,1756785043.9941552,1756785046.7317002
8898.0,205.0,3.3362886905670166,7.838206052780151,558,1,1756785035.8444448,1756785047.0189395
7497.0,300.0,0.39869022369384766,3.9525868892669678,582,1,1756785042.8329432,1756785047.1842203
7799.0,166.0,0.43325328826904297,1.9450058937072754,590,1,1756785045.1446624,1756785047.522922
8791.0,300.0,0.444782018661499,3.6289031505584717,585,1,1756785043.7080746,1756785047.7817602
7445.0,224.0,0.3790113925933838,2.6719164848327637,589,1,1756785044.858433,1756785047.9093614
7426.0,105.0,3.8846912384033203,3.9609553813934326,573,1,1756785040.2170923,1756785048.0627394
7615.0,146.0,0.30785655975341797,1.5081074237823486,596,1,1756785046.889017,1756785048.7049818
7746.0,147.0,4.060670852661133,5.62403416633606,569,1,1756785039.0560877,1756785048.7407937
7033.0,97.0,3.521501064300537,3.7718193531036377,578,1,1756785041.6689746,1756785048.9622962
7090.0,239.0,2.602334499359131,9.236727714538574,563,1,1756785037.3086581,1756785049.1477215
8240.0,156.0,0.33666086196899414,1.699570894241333,599,1,1756785047.7531214,1756785049.7893536
7534.0,300.0,0.30277395248413086,3.473980188369751,595,1,1756785046.602008,1756785050.3787627
6855.0,146.0,0.26362037658691406,1.7828776836395264,601,1,1756785048.331585,1756785050.3780835
8208.0,113.0,3.444575309753418,4.286428213119507,583,1,1756785043.123192,1756785050.8541968
7234.0,98.0,2.6330811977386475,2.6952831745147705,592,1,1756785045.7281973,1756785051.0565624
8151.0,182.0,2.108726978302002,5.007046699523926,587,1,1756785044.2835743,1756785051.3993485
7849.0,84.0,2.4520180225372314,2.941889524459839,593,1,1756785046.0204594,1756785051.4143674
6849.0,192.0,0.26996350288391113,2.3045601844787598,603,1,1756785048.907827,1756785051.4823506
8926.0,143.0,0.3802609443664551,1.8541171550750732,606,1,1756785049.7750504,1756785052.009429
7349.0,135.0,3.0036263465881348,4.837273836135864,588,1,1756785044.5699265,1756785052.4108272
7794.0,286.0,0.31408214569091797,3.581540822982788,602,1,1756785048.617854,1756785052.513477
7848.0,160.0,0.3587911128997803,2.028618097305298,609,1,1756785050.6540384,1756785053.041448
8893.0,300.0,3.334822177886963,10.950659036636353,568,1,1756785038.7685094,1756785053.053991
8140.0,230.0,0.3771483898162842,3.089271068572998,607,1,1756785050.0708241,1756785053.537244
7450.0,64.0,2.932544231414795,1.8486049175262451,604,1,1756785049.201376,1756785053.982525
7236.0,141.0,3.1766197681427,4.581117868423462,594,1,1756785046.309292,1756785054.0670302
8644.0,115.0,0.3715860843658447,1.7175648212432861,614,1,1756785052.1004198,1756785054.1895714
7985.0,262.0,0.3617396354675293,3.5716195106506348,608,1,1756785050.3644958,1756785054.297855
7393.0,87.0,0.3863866329193115,1.2817020416259766,616,1,1756785052.6843722,1756785054.3524613
9072.0,149.0,2.5779623985290527,4.40319299697876,600,1,1756785048.0408764,1756785055.0220325
8542.0,252.0,0.36025381088256836,3.6949193477630615,612,1,1756785051.5188675,1756785055.5740407
8218.0,189.0,0.382692813873291,2.8477165699005127,615,1,1756785052.3951335,1756785055.6255448
9484.0,152.0,0.49489760398864746,2.2685513496398926,617,1,1756785052.979158,1756785055.7426069
7973.0,125.0,0.4594261646270752,1.7704381942749023,621,1,1756785054.1442692,1756785056.374134
7823.0,225.0,0.37074947357177734,3.1192567348480225,619,1,1756785053.558281,1756785057.0482874
8385.0,68.0,0.4596688747406006,0.7798349857330322,628,1,1756785056.1726544,1756785057.412159
7342.0,147.0,0.3978402614593506,1.8416430950164795,625,1,1756785055.302362,1756785057.5418458
8396.0,129.0,0.4038088321685791,1.592273235321045,627,1,1756785055.8778327,1756785057.8739152
7149.0,228.0,3.182213306427002,7.891242980957031,597,1,1756785047.1768584,1756785058.2503147
8409.0,296.0,0.44345545768737793,4.075138092041016,620,1,1756785053.853451,1756785058.3720453
7426.0,193.0,4.262204170227051,6.697913408279419,598,1,1756785047.4636004,1756785058.4237185
7335.0,238.0,0.3653709888458252,3.2210581302642822,624,1,1756785055.0137312,1756785058.6001604
7568.0,78.0,2.952204465866089,2.794095277786255,618,1,1756785053.2700105,1756785059.0163116
7628.0,300.0,0.4806344509124756,4.158166170120239,622,1,1756785054.4378004,1756785059.0766017
8623.0,115.0,0.40564441680908203,1.6941463947296143,631,1,1756785057.0548337,1756785059.1546247
7815.0,141.0,5.177874565124512,3.1075589656829834,611,1,1756785051.228511,1756785059.5139446
9115.0,113.0,0.38930368423461914,1.5637383460998535,633,1,1756785057.6379616,1756785059.5910037
8419.0,241.0,2.909609079360962,5.824251890182495,610,1,1756785050.9413528,1756785059.6752145
8405.0,186.0,3.82607102394104,6.579552173614502,605,1,1756785049.4902651,1756785059.8958888
7579.0,147.0,2.7303786277770996,5.382604360580444,613,1,1756785051.8135135,1756785059.926497
8399.0,172.0,0.48103857040405273,2.0714054107666016,635,1,1756785058.219758,1756785060.772204
9051.0,254.0,0.45246148109436035,3.1239850521087646,634,1,1756785057.9334772,1756785061.5099242
7925.0,99.0,2.767122268676758,3.475356101989746,626,1,1756785055.5909522,1756785061.833431
7531.0,126.0,0.30466127395629883,1.586075782775879,642,1,1756785060.2496865,1756785062.1404235
7698.0,181.0,0.32305073738098145,2.26153302192688,640,1,1756785059.663002,1756785062.2475865
7889.0,279.0,0.49394845962524414,3.4438092708587646,636,1,1756785058.5104673,1756785062.4482255
6670.0,280.0,0.43503427505493164,3.3681106567382812,637,1,1756785058.7963817,1756785062.5995271
8692.0,115.0,2.611328363418579,3.2852418422698975,632,1,1756785057.349187,1756785063.2457576
6918.0,107.0,0.3313863277435303,1.2636206150054932,647,1,1756785061.6960223,1756785063.2910292
7995.0,137.0,0.37603306770324707,1.5391273498535156,648,1,1756785061.981934,1756785063.897095
7771.0,262.0,0.33035945892333984,3.409086227416992,645,1,1756785061.1164737,1756785064.85592
8988.0,149.0,3.4319000244140625,5.345798015594482,629,1,1756785056.4632373,1756785065.2409365
8533.0,231.0,2.588068962097168,8.272929668426514,623,1,1756785054.727626,1756785065.5886254
7984.0,300.0,0.3504002094268799,3.9021658897399902,646,1,1756785061.4094303,1756785065.6619968
8019.0,136.0,0.37053418159484863,2.1494579315185547,658,1,1756785064.9028792,1756785067.4228725
7401.0,278.0,0.29857635498046875,4.045520544052124,652,1,1756785063.1480377,1756785067.4921355
7703.0,300.0,0.31967830657958984,4.388530492782593,651,1,1756785062.8546424,1756785067.562852
7262.0,131.0,0.4040541648864746,2.0972580909729004,659,1,1756785065.189273,1756785067.6905859
7042.0,178.0,2.334113836288452,6.192717552185059,639,1,1756785059.3709278,1756785067.89776
7478.0,64.0,0.5381381511688232,1.1095352172851562,663,1,1756785066.3544374,1756785068.0021114
8827.0,76.0,3.2150630950927734,2.390934467315674,650,1,1756785062.5674226,1756785068.1734211
8318.0,269.0,0.365464448928833,4.161292314529419,654,1,1756785063.7314143,1756785068.2581716
7811.0,225.0,4.121611833572388,7.5944764614105225,630,1,1756785056.758136,1756785068.4742262
7470.0,249.0,0.3499922752380371,3.860136032104492,656,1,1756785064.3270216,1756785068.53715
7476.0,58.0,0.7180607318878174,0.9699344635009766,665,1,1756785066.937675,1756785068.6256702
8741.0,81.0,0.6521391868591309,1.3669307231903076,664,1,1756785066.6501856,1756785068.6692562
8808.0,282.0,2.808112621307373,6.990057468414307,638,1,1756785059.0843906,1756785068.8825607
7672.0,300.0,0.4615447521209717,4.500227928161621,655,1,1756785064.017095,1756785068.9788678
8070.0,209.0,4.053035020828247,5.008437871932983,643,1,1756785060.5356941,1756785069.597167
8872.0,193.0,0.4851803779602051,3.176522731781006,662,1,1756785066.0604126,1756785069.7221172
7635.0,130.0,0.5247101783752441,1.8275680541992188,668,1,1756785067.8189867,1756785070.1712654
6860.0,235.0,2.76455020904541,7.901834011077881,641,1,1756785059.9544818,1756785070.6208665
7482.0,152.0,0.5580980777740479,1.9774458408355713,669,1,1756785068.109433,1756785070.6449783
7496.0,300.0,0.3685731887817383,4.526597023010254,661,1,1756785065.7656648,1756785070.6608355
7401.0,191.0,2.2080368995666504,6.250187158584595,649,1,1756785062.271933,1756785070.7301574
9201.0,181.0,0.4352114200592041,2.514078378677368,671,1,1756785068.6938663,1756785071.643156
7496.0,300.0,0.4760701656341553,4.317836284637451,667,1,1756785067.525743,1756785072.3196495
8904.0,193.0,0.5791683197021484,2.6226375102996826,673,1,1756785069.2703733,1756785072.4721792
8680.0,159.0,0.38620805740356445,2.497224807739258,677,1,1756785070.4441319,1756785073.3275652
8519.0,128.0,0.4222724437713623,2.023489475250244,679,1,1756785071.0229356,1756785073.468698
6572.0,300.0,2.6950929164886475,10.110778570175171,644,1,1756785060.8221529,1756785073.628026
7025.0,47.0,2.4678943157196045,1.594618558883667,674,1,1756785069.5656645,1756785073.6281774
8260.0,199.0,3.9884090423583984,6.3904054164886475,653,1,1756785063.4360812,1756785073.8148963
7205.0,128.0,0.44484376907348633,2.088425636291504,680,1,1756785071.3191137,1756785073.8523839
7898.0,300.0,0.4919607639312744,4.438367605209351,672,1,1756785068.9846559,1756785073.914985
7283.0,187.0,0.34671521186828613,3.073829412460327,678,1,1756785070.734323,1756785074.1548681
7320.0,185.0,2.9880340099334717,3.948821783065796,666,1,1756785067.2328281,1756785074.1696844
8579.0,105.0,2.542151689529419,3.3201024532318115,670,1,1756785068.3998103,1756785074.262065
8317.0,113.0,0.4161505699157715,1.9574260711669922,682,1,1756785071.9022987,1756785074.2758753
7618.0,292.0,2.391568183898926,6.629703044891357,660,1,1756785065.4775972,1756785074.498869
7102.0,136.0,2.902935743331909,2.1562821865081787,675,1,1756785069.8548465,1756785074.9140644
8618.0,129.0,0.5006141662597656,2.22330641746521,683,1,1756785072.1979017,1756785074.9218223
7519.0,136.0,0.7447233200073242,2.0901846885681152,687,1,1756785073.3528962,1756785076.1878042
8265.0,213.0,0.6879148483276367,3.314953565597534,685,1,1756785072.7793784,1756785076.7822478
8372.0,219.0,5.052348613739014,7.173398017883301,657,1,1756785064.6143045,1756785076.8400557
8481.0,113.0,0.5985879898071289,1.5596098899841309,692,1,1756785074.812068,1756785076.9702663
8622.0,107.0,3.5386576652526855,3.356442451477051,676,1,1756785070.1484292,1756785077.0435302
8776.0,255.0,0.5973405838012695,3.994127035140991,684,1,1756785072.4930155,1756785077.0844836
8555.0,216.0,0.7475311756134033,3.271357774734497,686,1,1756785073.0654078,1756785077.0842972
7588.0,157.0,0.5135602951049805,2.249060869216919,691,1,1756785074.5181572,1756785077.2807794
7516.0,128.0,0.3867623805999756,1.6552808284759521,694,1,1756785075.3939126,1756785077.4359562
8250.0,100.0,0.38187122344970703,1.2242240905761719,699,1,1756785076.83696,1756785078.443056
7705.0,279.0,0.7663037776947021,3.891134738922119,689,1,1756785073.936697,1756785078.5941362
7655.0,300.0,0.8331079483032227,4.1255316734313965,688,1,1756785073.6448777,1756785078.6035178
8572.0,131.0,0.35611939430236816,1.7924745082855225,701,1,1756785077.4170606,1756785079.5656552
7241.0,66.0,0.2947244644165039,0.8513450622558594,705,1,1756785078.5726159,1756785079.718686
7487.0,159.0,1.8537523746490479,2.3389339447021484,697,1,1756785076.2609184,1756785080.4536054
9037.0,300.0,0.4927654266357422,4.016089677810669,696,1,1756785075.9749293,1756785080.483785
7161.0,81.0,0.34375834465026855,1.0844314098358154,707,1,1756785079.1572566,1756785080.5854466
8101.0,86.0,2.2839388847351074,3.213914394378662,693,1,1756785075.0994222,1756785080.5972757
7373.0,165.0,0.3116037845611572,2.360246181488037,703,1,1756785077.9981902,1756785080.6700406
9117.0,150.0,2.187612295150757,5.535595655441284,690,1,1756785074.2245817,1756785081.9477904
7054.0,238.0,0.30785655975341797,3.4177052974700928,704,1,1756785078.2843647,1756785082.0099275
7393.0,138.0,0.3535490036010742,2.088543653488159,710,1,1756785080.0388947,1756785082.4809878
8766.0,138.0,0.41219282150268555,2.133713722229004,711,1,1756785080.3338394,1756785082.8797467
7148.0,224.0,3.416456937789917,8.148593425750732,681,1,1756785071.614118,1756785083.1791685
6889.0,286.0,0.28717827796936035,4.3221211433410645,706,1,1756785078.8621528,1756785083.4714527
8548.0,178.0,0.36496710777282715,3.0410420894622803,713,1,1756785080.9126062,1756785084.3186164
8439.0,300.0,0.35514020919799805,4.892139911651611,709,1,1756785079.743736,1756785084.991017
9059.0,181.0,0.4683878421783447,3.0953328609466553,715,1,1756785081.4940386,1756785085.0577607
7813.0,65.0,0.5699000358581543,1.0440561771392822,722,1,1756785083.5223768,1756785085.1363335
8418.0,168.0,2.932620048522949,5.9111857414245605,698,1,1756785076.547145,1756785085.3909512
6947.0,258.0,0.347545862197876,4.23211407661438,714,1,1756785081.207123,1756785085.7867835
8067.0,182.0,0.9630048274993896,2.869539976119995,718,1,1756785082.3753886,1756785086.207934
9145.0,115.0,0.7246224880218506,1.6838586330413818,723,1,1756785083.8159313,1756785086.224413
8541.0,166.0,3.4340178966522217,5.935139417648315,700,1,1756785077.130479,1756785086.499637
8728.0,107.0,0.8674197196960449,1.532261848449707,724,1,1756785084.1100354,1756785086.5097177
8952.0,270.0,0.6573283672332764,4.348754405975342,717,1,1756785082.0783675,1756785087.0844502
8255.0,214.0,0.793790340423584,3.3782596588134766,720,1,1756785082.9477534,1756785087.1198053
7921.0,300.0,0.5235371589660645,4.869906902313232,716,1,1756785081.7897825,1756785087.1832285
6578.0,300.0,0.3637721538543701,4.811316967010498,719,1,1756785082.6609862,1756785087.8360753
8264.0,95.0,0.4180128574371338,1.522566318511963,731,1,1756785086.1502368,1756785088.090816
8706.0,163.0,0.454113245010376,2.579406499862671,728,1,1756785085.2875357,1756785088.321056
8283.0,83.0,0.5254480838775635,1.3085029125213623,733,1,1756785086.7348897,1756785088.5688407
9032.0,151.0,3.873225212097168,5.393813848495483,708,1,1756785079.4531827,1756785088.7202222
9112.0,300.0,2.7057912349700928,10.786097526550293,695,1,1756785075.6876702,1756785089.1795595
7464.0,189.0,0.45636510848999023,2.907871961593628,732,1,1756785086.4433675,1756785089.8076053
6891.0,254.0,1.736128568649292,3.7443556785583496,725,1,1756785084.40564,1756785089.8861241
6899.0,271.0,0.34249186515808105,4.292541265487671,730,1,1756785085.8638835,1756785090.4989183
6943.0,139.0,2.473478078842163,4.992850303649902,721,1,1756785083.2345865,1756785090.7009156
8228.0,207.0,0.5778529644012451,3.3464484214782715,735,1,1756785087.323842,1756785091.248145
8196.0,77.0,0.5526711940765381,1.3756754398345947,743,1,1756785089.6337378,1756785091.5620844
8092.0,189.0,0.4035069942474365,3.1000454425811768,738,1,1756785088.191805,1756785091.6953583
7834.0,46.0,1.0031912326812744,0.7671375274658203,745,1,1756785090.2203074,1756785091.990636
7318.0,300.0,3.810762643814087,10.666248083114624,702,1,1756785077.702855,1756785092.1798666
7186.0,300.0,0.5067727565765381,4.751100540161133,734,1,1756785087.0304744,1756785092.2883484
8237.0,258.0,0.6405050754547119,4.0607075691223145,736,1,1756785087.619376,1756785092.3205888
8250.0,158.0,2.109353542327881,5.544803142547607,726,1,1756785084.7003205,1756785092.3544781
7767.0,211.0,0.3636763095855713,3.46419620513916,740,1,1756785088.767602,1756785092.5954752
8697.0,174.0,0.6739580631256104,2.827826738357544,744,1,1756785089.9250207,1756785093.426806
7965.0,226.0,0.4631221294403076,3.73622727394104,742,1,1756785089.3442342,1756785093.5435843
8419.0,45.0,0.4488253593444824,0.7437646389007568,753,1,1756785092.5533488,1756785093.7459393
6841.0,188.0,0.40346455574035645,3.0441629886627197,746,1,1756785090.5169492,1756785093.9645772
8434.0,146.0,0.8423120975494385,2.2765109539031982,748,1,1756785091.099221,1756785094.218045
7269.0,300.0,0.42797374725341797,5.003040075302124,741,1,1756785089.05416,1756785094.4851744
7266.0,300.0,4.096444845199585,9.94818377494812,712,1,1756785080.6260035,1756785094.6706326
8875.0,182.0,4.026026248931885,5.593993425369263,729,1,1756785085.5765421,1756785095.1965618
7035.0,263.0,0.7253031730651855,4.148022413253784,747,1,1756785090.8014395,1756785095.6747658
7835.0,146.0,0.5154283046722412,2.333672523498535,754,1,1756785092.8410985,1756785095.6901999
7926.0,133.0,0.6419897079467773,2.1197474002838135,756,1,1756785093.4250035,1756785096.1867416
7932.0,165.0,0.5768861770629883,2.642787218093872,755,1,1756785093.1371663,1756785096.3568397
8066.0,92.0,0.7716994285583496,1.39998197555542,759,1,1756785094.2890882,1756785096.4607704
7430.0,171.0,0.7650632858276367,2.4092938899993896,757,1,1756785093.7150545,1756785096.8894126
7095.0,276.0,0.3520936965942383,4.3096606731414795,752,1,1756785092.2626917,1756785096.9244478
9114.0,92.0,0.5450363159179688,1.160724401473999,763,1,1756785095.4462245,1756785097.1519861
8567.0,233.0,1.6122515201568604,4.507849454879761,750,1,1756785091.6738079,1756785097.793909
7448.0,117.0,0.5836019515991211,1.502135992050171,764,1,1756785095.7383473,1756785097.8240855
7400.0,167.0,4.358956575393677,5.235236883163452,739,1,1756785088.4780695,1756785098.072263
7914.0,300.0,3.2426774501800537,9.912016153335571,727,1,1756785084.9964163,1756785098.1511116
7954.0,183.0,0.400266170501709,2.6190974712371826,762,1,1756785095.1578145,1756785098.1771781
8442.0,300.0,0.6993298530578613,4.334974765777588,758,1,1756785094.0028732,1756785099.0371778
7627.0,98.0,0.33838319778442383,1.3546125888824463,770,1,1756785097.4839897,1756785099.1769862
8145.0,163.0,0.3677549362182617,2.2207913398742676,767,1,1756785096.6080666,1756785099.1966138
7190.0,65.0,2.4559948444366455,2.3096139430999756,761,1,1756785094.8667421,1756785099.6323514
7941.0,142.0,3.7446787357330322,5.076718807220459,749,1,1756785091.386874,1756785100.2082722
8380.0,106.0,1.8826727867126465,3.842414379119873,760,1,1756785094.5793726,1756785100.3044605
8976.0,285.0,3.489171266555786,9.283048152923584,737,1,1756785087.905203,1756785100.6774225
8452.0,261.0,0.3565502166748047,3.494079113006592,769,1,1756785097.187979,1756785101.03861
8265.0,222.0,0.41132569313049316,2.7657413482666016,772,1,1756785098.0609784,1756785101.2380462
8370.0,213.0,0.388347864151001,2.548346996307373,774,1,1756785098.6476898,1756785101.5843856
7292.0,300.0,3.4087233543395996,6.244919776916504,751,1,1756785091.9707992,1756785101.6244423
7615.0,139.0,0.31532883644104004,1.7330734729766846,778,1,1756785099.8094049,1756785101.8578074
8433.0,300.0,0.37627148628234863,3.814080238342285,771,1,1756785097.769822,1756785101.9601736
7093.0,203.0,0.2854762077331543,2.5488498210906982,776,1,1756785099.2334328,1756785102.0677588
7762.0,56.0,0.37352681159973145,0.6902148723602295,788,1,1756785102.7214835,1756785103.7852254
8960.0,162.0,0.39015841484069824,2.2987523078918457,784,1,1756785101.5541286,1756785104.2430413
7008.0,271.0,0.3180046081542969,3.7805750370025635,780,1,1756785100.392384,1756785104.4909637
8053.0,136.0,0.35585951805114746,1.7749927043914795,787,1,1756785102.4281564,1756785104.5590086
7484.0,177.0,0.3117074966430664,2.421555519104004,786,1,1756785102.1334248,1756785104.8666883
8127.0,89.0,2.527801275253296,2.4553775787353516,779,1,1756785100.1039896,1756785105.087169
8469.0,300.0,0.42388176918029785,4.067010879516602,781,1,1756785100.6880572,1756785105.17895
8938.0,182.0,3.9266302585601807,5.32612419128418,766,1,1756785096.3139205,1756785105.566675
7944.0,161.0,4.460126638412476,4.516078472137451,768,1,1756785096.896525,1756785105.8727312
9103.0,184.0,1.8851737976074219,5.731053352355957,773,1,1756785098.3523993,1756785105.968627
8914.0,255.0,2.4765408039093018,7.666211843490601,765,1,1756785096.023231,1756785106.165985
7140.0,300.0,0.33950257301330566,4.3337132930755615,785,1,1756785101.8439953,1756785106.517212
7308.0,286.0,0.3841440677642822,4.069404125213623,789,1,1756785103.0165005,1756785107.4700494
7526.0,118.0,3.580104351043701,3.01739764213562,782,1,1756785100.9723556,1756785107.569858
7076.0,222.0,0.30789852142333984,3.457853317260742,794,1,1756785104.47172,1756785108.2374723
9300.0,182.0,0.4522125720977783,2.9280896186828613,797,1,1756785105.3470724,1756785108.7273753
6617.0,233.0,0.27733492851257324,3.705510139465332,795,1,1756785104.7623177,1756785108.7451632
7258.0,118.0,3.589365243911743,4.019463777542114,783,1,1756785101.259872,1756785108.8687027
8793.0,300.0,0.44321465492248535,4.669917345046997,792,1,1756785103.8885934,1756785109.001726
8263.0,99.0,3.25531005859375,2.2762417793273926,791,1,1756785103.6004732,1756785109.1320257
8615.0,134.0,0.5358164310455322,2.2295563220977783,803,1,1756785107.0936966,1756785109.8590715
7404.0,289.0,0.311755895614624,4.703735113143921,796,1,1756785105.059289,1756785110.07478
8423.0,210.0,0.4221503734588623,3.436913251876831,800,1,1756785106.2155914,1756785110.0746555
8963.0,268.0,0.5619983673095703,4.392756223678589,798,1,1756785105.6357014,1756785110.5904567
8526.0,276.0,2.938584804534912,8.961987018585205,775,1,1756785098.9425406,1756785110.8431127
7332.0,122.0,0.47652459144592285,2.0887300968170166,810,1,1756785109.121533,1756785111.6867876
8176.0,263.0,0.4213101863861084,4.520564794540405,802,1,1756785106.7985487,1756785111.7404242
6850.0,95.0,0.3695085048675537,1.667576789855957,812,1,1756785109.7024703,1756785111.7395558
8680.0,203.0,0.5984957218170166,3.549487829208374,806,1,1756785107.9557526,1756785112.1037369
7028.0,290.0,3.744596481323242,9.157782316207886,777,1,1756785099.5215957,1756785112.4239745
6953.0,204.0,0.39330387115478516,3.6751041412353516,808,1,1756785108.539899,1756785112.608308
7247.0,138.0,1.2890701293945312,2.8454318046569824,809,1,1756785108.8304172,1756785112.9649193
8370.0,207.0,3.4945719242095947,6.215475559234619,790,1,1756785103.3120527,1756785113.0221007
8290.0,223.0,1.0039944648742676,4.0064332485198975,807,1,1756785108.253691,1756785113.2641194
8650.0,290.0,0.46674156188964844,5.194917917251587,805,1,1756785107.669198,1756785113.3308582
7983.0,140.0,0.8042259216308594,2.409472703933716,819,1,1756785111.7259207,1756785114.9396195
8571.0,188.0,1.0562491416931152,3.3424553871154785,816,1,1756785110.8651106,1756785115.2638152
8715.0,268.0,0.4820060729980469,4.807873725891113,813,1,1756785109.9902039,1756785115.2800844
8123.0,124.0,0.9581186771392822,2.10365891456604,821,1,1756785112.3046198,1756785115.3663995
6925.0,300.0,2.0679917335510254,6.945553541183472,801,1,1756785106.51071,1756785115.5242555
8196.0,195.0,0.7893486022949219,3.4339959621429443,818,1,1756785111.437532,1756785115.6608765
9206.0,29.0,2.2439451217651367,0.8408975601196289,822,1,1756785112.5947633,1756785115.6796064
7141.0,270.0,4.197918176651001,7.525726318359375,793,1,1756785104.1845243,1756785115.9081695
7117.0,243.0,0.4118828773498535,4.363039255142212,817,1,1756785111.1515558,1756785115.9264789
7769.0,206.0,4.58307147026062,5.424175024032593,799,1,1756785105.9260767,1756785115.9333236
8152.0,177.0,2.5431394577026367,4.140810489654541,811,1,1756785109.409064,1756785116.0930145
8379.0,300.0,0.5986566543579102,5.389425277709961,814,1,1756785110.278529,1756785116.2666113
7365.0,116.0,0.7306385040283203,1.950568675994873,826,1,1756785113.7566173,1756785116.437825
7688.0,300.0,0.6597063541412354,5.403733968734741,815,1,1756785110.5731359,1756785116.6365764
8787.0,195.0,0.6022958755493164,3.3742337226867676,825,1,1756785113.4679294,1756785117.4444594
8410.0,300.0,0.8757407665252686,5.243711948394775,820,1,1756785112.0160773,1756785118.1355312
9184.0,139.0,0.5948901176452637,2.4591097831726074,832,1,1756785115.4964058,1756785118.5504057
7514.0,109.0,1.3922221660614014,2.754422187805176,829,1,1756785114.6222696,1756785118.7689147
7897.0,294.0,0.4589085578918457,5.1435534954071045,824,1,1756785113.1766036,1756785118.7790656
7618.0,86.0,0.6751129627227783,1.5737426280975342,838,1,1756785117.2367582,1756785119.4856145
7088.0,110.0,2.3483974933624268,2.494917631149292,830,1,1756785114.908086,1756785119.7514012
7313.0,73.0,0.5919687747955322,1.2783565521240234,841,1,1756785118.1024837,1756785119.9728098
7028.0,300.0,0.524834394454956,5.295634508132935,828,1,1756785114.330963,1756785120.1514328
7751.0,300.0,6.1293745040893555,6.850234270095825,804,1,1756785107.3793087,1756785120.3589175
8117.0,157.0,0.6049845218658447,2.811584949493408,837,1,1756785116.9509835,1756785120.3675535
7919.0,208.0,0.7339272499084473,3.7308764457702637,834,1,1756785116.0791092,1756785120.5439134
8072.0,300.0,1.2179772853851318,5.432807683944702,827,1,1756785114.04445,1756785120.695237
7891.0,300.0,0.44205212593078613,5.464284420013428,831,1,1756785115.198622,1756785121.1049592
8730.0,109.0,0.7325103282928467,2.04587459564209,842,1,1756785118.39047,1756785121.1688557
7922.0,269.0,0.6741082668304443,4.882404088973999,833,1,1756785115.788065,1756785121.3445776
7620.0,300.0,0.7945907115936279,5.311790704727173,835,1,1756785116.3676386,1756785122.474021
9022.0,57.0,0.7991735935211182,0.8504986763000488,851,1,1756785120.9920728,1756785122.6417456
7489.0,290.0,3.3334898948669434,6.594220876693726,823,1,1756785112.8853796,1756785122.8130903
8888.0,121.0,1.2254867553710938,1.9821383953094482,847,1,1756785119.8367991,1756785123.0444243
9030.0,184.0,2.8385167121887207,3.810035228729248,836,1,1756785116.6563354,1756785123.3048873
8577.0,300.0,0.8232436180114746,5.2895190715789795,839,1,1756785117.5229285,1756785123.6356921
9211.0,112.0,0.957770586013794,1.7677159309387207,852,1,1756785121.2830408,1756785124.0085278
7680.0,230.0,0.5720334053039551,3.7906558513641357,848,1,1756785120.1226442,1756785124.4853354
8620.0,292.0,0.5962507724761963,4.969785451889038,844,1,1756785118.9673882,1756785124.5334249
8226.0,300.0,0.7088146209716797,5.090355396270752,845,1,1756785119.262851,1756785125.062022
8398.0,286.0,0.8175806999206543,4.805024147033691,846,1,1756785119.549076,1756785125.1716816
7620.0,209.0,1.9376463890075684,5.449747800827026,840,1,1756785117.8166733,1756785125.2040675
7416.0,251.0,0.9553864002227783,4.061795234680176,849,1,1756785120.4137874,1756785125.430969
7131.0,159.0,0.5864341259002686,2.4326870441436768,859,1,1756785123.307336,1756785126.3264573
8088.0,110.0,0.5755887031555176,1.6365234851837158,865,1,1756785125.0396423,1756785127.2517545
8215.0,300.0,0.42049479484558105,4.681047201156616,856,1,1756785122.4376247,1756785127.5391672
7591.0,286.0,0.4825098514556885,4.4266862869262695,857,1,1756785122.7287803,1756785127.6379764
7078.0,167.0,0.5104982852935791,2.5233781337738037,864,1,1756785124.7442355,1756785127.7781124
7647.0,214.0,0.38224315643310547,3.3206448554992676,862,1,1756785124.1676838,1756785127.8705726
8788.0,126.0,0.46158313751220703,1.8511250019073486,867,1,1756785125.6166446,1756785127.9293535
7458.0,300.0,0.5488331317901611,4.612737417221069,858,1,1756785123.0169308,1756785128.1785016
8163.0,227.0,0.4754455089569092,3.4904136657714844,863,1,1756785124.454196,1756785128.4200597
7120.0,57.0,0.3608994483947754,0.8852453231811523,873,1,1756785127.3535926,1756785128.5997376
8890.0,143.0,0.47772645950317383,2.0832154750823975,869,1,1756785126.1976533,1756785128.758596
7237.0,259.0,3.34883189201355,7.035521984100342,843,1,1756785118.6781504,1756785129.0625045
8748.0,173.0,2.5513949394226074,5.075748682022095,855,1,1756785122.146699,1756785129.7738433
7919.0,131.0,0.3941507339477539,1.8354341983795166,874,1,1756785127.6399987,1756785129.8695836
7251.0,99.0,3.4211080074310303,2.67850399017334,861,1,1756785123.879458,1756785129.979072
8736.0,173.0,3.6831464767456055,4.864158630371094,853,1,1756785121.572542,1756785130.1198478
7250.0,241.0,0.3785223960876465,3.526546001434326,871,1,1756785126.7698987,1756785130.674967
6948.0,141.0,0.39995837211608887,1.8569960594177246,879,1,1756785129.085461,1756785131.3424172
8857.0,300.0,1.850703239440918,8.948853492736816,850,1,1756785120.700897,1756785131.500454
9093.0,140.0,2.3441824913024902,3.9347023963928223,866,1,1756785125.3300402,1756785131.608925
7147.0,88.0,0.46652698516845703,1.2164809703826904,882,1,1756785129.9655762,1756785131.6485846
8100.0,155.0,0.4734511375427246,2.237455368041992,880,1,1756785129.3799229,1756785132.0908294
6896.0,140.0,0.4423093795776367,2.005356550216675,881,1,1756785129.6751666,1756785132.1228325
7202.0,224.0,0.2860586643218994,3.2207908630371094,878,1,1756785128.7981086,1756785132.3049595
6733.0,300.0,1.6034510135650635,8.880624771118164,854,1,1756785121.8590415,1756785132.3431182
7616.0,120.0,0.5174870491027832,1.661501169204712,883,1,1756785130.254861,1756785132.4338498
8446.0,270.0,0.45052289962768555,3.8382506370544434,876,1,1756785128.2217894,1756785132.5105634
8173.0,300.0,0.42987561225891113,4.293335914611816,875,1,1756785127.9328249,1756785132.6560369
7881.0,107.0,0.39621663093566895,1.4020233154296875,886,1,1756785131.1251454,1756785132.923386
7359.0,140.0,2.815767765045166,3.8340606689453125,870,1,1756785126.483875,1756785133.1337037
8637.0,123.0,0.5050415992736816,1.3942680358886719,887,1,1756785131.4114242,1756785133.310734
7963.0,109.0,0.3770761489868164,1.1572022438049316,889,1,1756785132.000273,1756785133.5345528
8485.0,276.0,2.3916103839874268,7.8161351680755615,860,1,1756785123.5915084,1756785133.799255
7263.0,285.0,0.34752488136291504,3.4498558044433594,890,1,1756785132.2882063,1756785136.0855875
8753.0,112.0,2.771735429763794,3.1493618488311768,888,1,1756785131.7045991,1756785137.6256986
7494.0,168.0,1.9651527404785156,4.891193628311157,885,1,1756785130.8353617,1756785137.691708
7480.0,75.0,2.3376457691192627,1.971236228942871,894,1,1756785133.4417045,1756785137.7505875
6938.0,300.0,3.328240156173706,8.569049596786499,868,1,1756785125.9115212,1756785137.808811
8516.0,152.0,0.37329554557800293,2.9316582679748535,898,1,1756785134.6129403,1756785137.917896
7906.0,300.0,0.31914710998535156,4.704754590988159,893,1,1756785133.1560826,1756785138.1799848
8170.0,161.0,0.39127159118652344,3.076464891433716,899,1,1756785134.906688,1756785138.3744252
6947.0,263.0,4.244206428527832,7.394904851913452,872,1,1756785127.064797,1756785138.7039084
8290.0,261.0,0.3495755195617676,4.403162956237793,897,1,1756785134.3257368,1756785139.0784755
8566.0,297.0,0.44439053535461426,4.784672260284424,896,1,1756785134.0324786,1756785139.2615416
8443.0,92.0,0.4623546600341797,1.0119740962982178,909,1,1756785137.840661,1756785139.3149898
8587.0,170.0,0.7235777378082275,2.706965446472168,903,1,1756785136.0879111,1756785139.5184543
8934.0,196.0,0.6256406307220459,3.153611183166504,902,1,1756785135.7908094,1756785139.570062
6829.0,300.0,2.864365339279175,8.508523941040039,877,1,1756785128.508391,1756785139.8812804
7716.0,156.0,0.9225397109985352,2.033806562423706,906,1,1756785136.955419,1756785139.911766
7882.0,264.0,0.5107111930847168,4.226701736450195,901,1,1756785135.4956677,1756785140.2330809
8375.0,300.0,0.4404933452606201,4.726927280426025,900,1,1756785135.2004452,1756785140.367866
7221.0,103.0,0.3265385627746582,1.1508495807647705,914,1,1756785139.285386,1756785140.7627761
7676.0,67.0,0.32352757453918457,0.5825717449188232,916,1,1756785139.8778138,1756785140.7839153
7286.0,99.0,0.29767298698425293,1.0457637310028076,915,1,1756785139.583026,1756785140.9264646
7229.0,300.0,0.8520197868347168,3.6770083904266357,905,1,1756785136.660896,1756785141.1899247
8896.0,106.0,4.554309129714966,4.547306537628174,892,1,1756785132.868235,1756785141.9698508
7087.0,106.0,1.9769001007080078,2.881629467010498,907,1,1756785137.25076,1756785142.1092908
8152.0,175.0,0.36005544662475586,1.8817055225372314,921,1,1756785141.3237746,1756785143.5655363
7141.0,250.0,0.2982518672943115,2.5924301147460938,919,1,1756785140.7478552,1756785143.638538
7807.0,163.0,0.31603145599365234,1.8378043174743652,923,1,1756785141.9134736,1756785144.06731
7350.0,300.0,2.7254559993743896,10.811624765396118,884,1,1756785130.548211,1756785144.0852926
7112.0,180.0,0.28673481941223145,1.990457534790039,924,1,1756785142.2030165,1756785144.4802094
8723.0,156.0,0.3556981086730957,1.8015038967132568,926,1,1756785142.784652,1756785144.9418545
7728.0,136.0,2.7861545085906982,6.967245817184448,904,1,1756785136.374761,1756785146.1281624
7960.0,300.0,4.219172477722168,8.527465581893921,895,1,1756785133.7373908,1756785146.48403
8466.0,185.0,0.34183454513549805,2.52085018157959,929,1,1756785143.6628292,1756785146.5255148
7530.0,300.0,2.1176748275756836,12.154264688491821,891,1,1756785132.5811257,1756785146.8530657
7722.0,164.0,1.7880456447601318,4.905619382858276,917,1,1756785140.165633,1756785146.8592985
9149.0,157.0,0.37927961349487305,2.3687744140625,932,1,1756785144.5327742,1756785147.2808292
8802.0,111.0,0.37670397758483887,1.6609156131744385,935,1,1756785145.408712,1756785147.4463325
7147.0,144.0,0.2929117679595947,2.1807916164398193,934,1,1756785145.1145167,1756785147.5882208
7275.0,181.0,0.32887792587280273,2.7299532890319824,933,1,1756785144.8280253,1756785147.8868568
8283.0,92.0,0.4790952205657959,1.3686318397521973,940,1,1756785146.8699632,1756785148.7176912
7163.0,156.0,0.34662866592407227,2.4478886127471924,938,1,1756785146.2816696,1756785149.076187
8030.0,136.0,0.4061143398284912,2.114229440689087,939,1,1756785146.570969,1756785149.0913136
7473.0,300.0,0.3137679100036621,4.589370250701904,931,1,1756785144.2435806,1756785149.1467195
8584.0,106.0,5.664666414260864,5.115143060684204,911,1,1756785138.4198842,1756785149.199694
5861.0,300.0,1.8348238468170166,8.770647287368774,912,1,1756785138.709618,1756785149.3150892
8721.0,187.0,3.270730495452881,9.020613193511963,908,1,1756785137.5469778,1756785149.838323
8841.0,238.0,2.2598867416381836,7.031049013137817,920,1,1756785141.037227,1756785150.3281631
8931.0,147.0,0.4263436794281006,2.1872382164001465,943,1,1756785147.7295973,1756785150.3431792
7846.0,297.0,0.4130125045776367,4.463343858718872,936,1,1756785145.700049,1756785150.5764053
8943.0,113.0,6.839925765991211,4.832444190979004,913,1,1756785138.9953113,1756785150.6676817
7391.0,86.0,2.5352187156677246,2.502419948577881,937,1,1756785145.9954803,1756785151.0331197
8486.0,254.0,0.5671591758728027,3.936185598373413,941,1,1756785147.1542804,1756785151.6576262
7640.0,120.0,0.3885765075683594,1.9011545181274414,950,1,1756785149.7500315,1756785152.0397632
9043.0,194.0,0.46743059158325195,3.0829339027404785,946,1,1756785148.5925372,1756785152.1429029
8040.0,31.0,0.49303197860717773,0.5141382217407227,956,1,1756785151.47674,1756785152.4839108
8166.0,286.0,0.5087900161743164,4.586338758468628,944,1,1756785148.0197358,1756785153.114865
8789.0,157.0,0.43390893936157227,2.7114779949188232,952,1,1756785150.3255053,1756785153.4708934
8961.0,226.0,0.6346476078033447,3.7104549407958984,948,1,1756785149.174989,1756785153.5200925
7113.0,187.0,6.7971720695495605,6.5605268478393555,918,1,1756785140.4540856,1756785153.811785
7098.0,69.0,0.6346650123596191,1.1734273433685303,958,1,1756785152.0537832,1756785153.8618755
8612.0,300.0,3.345184326171875,9.127094030380249,922,1,1756785141.6189072,1756785154.0911856
8068.0,113.0,7.703924179077148,3.3356642723083496,927,1,1756785143.0797338,1756785154.1193228
8438.0,178.0,0.5326664447784424,3.0696935653686523,953,1,1756785150.6154518,1756785154.2178123
7928.0,300.0,4.245893716812134,11.986070394515991,910,1,1756785138.1279273,1756785154.3598933
8971.0,300.0,0.5969524383544922,4.875206470489502,947,1,1756785148.8819582,1756785154.3541172
8726.0,61.0,0.4867081642150879,1.0833415985107422,961,1,1756785152.9168127,1756785154.4868627
8723.0,161.0,0.6045083999633789,2.683654546737671,957,1,1756785151.7651494,1756785155.0533128
9029.0,225.0,0.6677241325378418,3.679342269897461,954,1,1756785150.9023714,1756785155.2494383
7858.0,202.0,6.499069452285767,6.35957932472229,925,1,1756785142.498015,1756785155.3566647
7493.0,110.0,0.5517928600311279,1.6292638778686523,963,1,1756785153.4965746,1756785155.677632
7296.0,300.0,3.484194755554199,9.158754348754883,928,1,1756785143.374214,1756785156.0171638
8428.0,136.0,9.042901754379272,3.6840567588806152,930,1,1756785143.9564874,1756785156.6834462
6796.0,227.0,2.7622439861297607,6.856206893920898,942,1,1756785147.4394968,1756785157.057948
8485.0,119.0,2.9980826377868652,3.1831417083740234,955,1,1756785151.191068,1756785157.372294
6904.0,300.0,0.35020875930786133,4.800353765487671,960,1,1756785152.6313567,1756785157.7819197
7071.0,281.0,0.5039970874786377,4.470653057098389,962,1,1756785153.205881,1756785158.180532
8280.0,201.0,0.40741896629333496,3.1717369556427,967,1,1756785154.6562545,1756785158.235411
7987.0,256.0,0.6946966648101807,3.976686477661133,964,1,1756785153.7825742,1756785158.4539578
8717.0,62.0,0.4960014820098877,1.038729190826416,975,1,1756785156.9894762,1756785158.5242076
7257.0,243.0,0.6181659698486328,3.8710978031158447,965,1,1756785154.070555,1756785158.5598192
8145.0,150.0,0.5143306255340576,2.400934934616089,972,1,1756785156.107726,1756785159.0229921
8994.0,104.0,0.6598415374755859,1.5473222732543945,976,1,1756785157.2851372,1756785159.4923015
6858.0,300.0,1.8581700325012207,8.234360694885254,949,1,1756785149.4640484,1756785159.5565796
7317.0,272.0,0.33965492248535156,4.116987466812134,969,1,1756785155.2286277,1756785159.68527
7421.0,273.0,2.5210225582122803,7.258737802505493,951,1,1756785150.0379064,1756785159.8176672
7362.0,211.0,0.3811981678009033,3.128342390060425,974,1,1756785156.6963027,1756785160.2058437
7512.0,300.0,0.3587524890899658,4.559681177139282,970,1,1756785155.5167117,1756785160.435146
8470.0,300.0,0.44838404655456543,4.512421607971191,971,1,1756785155.8121026,1756785160.7729087
6925.0,196.0,0.6889238357543945,2.7433979511260986,977,1,1756785157.5807264,1756785161.0130482
7523.0,199.0,0.7556493282318115,2.7734835147857666,978,1,1756785157.8665676,1756785161.3957005
7214.0,300.0,3.5996649265289307,6.5570478439331055,959,1,1756785152.3413272,1756785162.498041
8572.0,111.0,0.38821911811828613,1.730811595916748,988,1,1756785160.7668433,1756785162.8858745
7059.0,172.0,3.048213243484497,5.74545955657959,966,1,1756785154.3656049,1756785163.1592782
8327.0,210.0,0.3930799961090088,3.312699317932129,984,1,1756785159.6070967,1756785163.3128765
7937.0,286.0,0.40170812606811523,4.2548887729644775,981,1,1756785158.7366428,1756785163.3932407
7114.0,240.0,3.4408884048461914,5.290910243988037,968,1,1756785154.9422898,1756785163.6740892
8542.0,260.0,7.399804353713989,8.413044214248657,945,1,1756785148.306346,1756785164.1191952
8718.0,224.0,0.5530397891998291,3.521789789199829,986,1,1756785160.1870718,1756785164.2619023
7908.0,175.0,0.42615413665771484,2.7823524475097656,989,1,1756785161.0544376,1756785164.2629447
8316.0,254.0,0.4796285629272461,3.996126651763916,985,1,1756785159.8935344,1756785164.3692908
8908.0,163.0,0.5104291439056396,2.6269888877868652,990,1,1756785161.348977,1756785164.4863958
8284.0,126.0,0.41901493072509766,2.1358041763305664,992,1,1756785161.9319992,1756785164.4868188
8063.0,47.0,1.7957978248596191,1.3851821422576904,991,1,1756785161.6354442,1756785164.8164248
8985.0,109.0,0.6641178131103516,1.7046589851379395,994,1,1756785162.5116458,1756785164.8804228
7188.0,137.0,2.519200086593628,4.488857746124268,979,1,1756785158.1597915,1756785165.16785
8314.0,189.0,2.375401735305786,4.447950124740601,980,1,1756785158.4471085,1756785165.2704608
8024.0,120.0,0.4550178050994873,1.8075499534606934,996,1,1756785163.093646,1756785165.3562152
8012.0,84.0,0.42186903953552246,1.2831640243530273,998,1,1756785163.6675138,1756785165.3725474
8432.0,194.0,0.5239377021789551,3.0506997108459473,993,1,1756785162.2256281,1756785165.800266
8984.0,110.0,0.5363626480102539,1.6883902549743652,1001,1,1756785164.5346155,1756785166.7593684
7955.0,197.0,0.4653306007385254,2.8389956951141357,1000,1,1756785164.2403765,1756785167.5447028
9227.0,13.0,0.45297932624816895,0.12655377388000488,1010,1,1756785167.1807191,1756785167.7602525
8729.0,170.0,0.3858051300048828,2.3385348320007324,1003,1,1756785165.125443,1756785167.8497837
7012.0,244.0,0.5276322364807129,3.378235101699829,999,1,1756785163.9536068,1756785167.8594747
8993.0,173.0,0.3941009044647217,2.193079948425293,1005,1,1756785165.7090683,1756785168.2962499
8510.0,206.0,3.4250400066375732,5.962651968002319,982,1,1756785159.0326734,1756785168.4203658
6811.0,166.0,0.37624049186706543,2.0856759548187256,1006,1,1756785166.0044258,1756785168.4663427
7835.0,300.0,2.904263973236084,9.44817042350769,973,1,1756785156.4025528,1756785168.7549872
8922.0,138.0,1.9342210292816162,4.082788705825806,995,1,1756785162.806217,1756785168.8232274
6440.0,300.0,0.3129310607910156,3.9559578895568848,1004,1,1756785165.4157724,1756785169.6846614
8940.0,271.0,0.48654651641845703,3.3794095516204834,1007,1,1756785166.2976136,1756785170.1635702
7403.0,94.0,0.30719876289367676,1.305521011352539,1016,1,1756785168.928284,1756785170.5410054
8533.0,172.0,2.632049322128296,4.751018047332764,997,1,1756785163.381554,1756785170.7646217
8349.0,207.0,5.380551099777222,6.10944676399231,983,1,1756785159.3174329,1756785170.8074307
9007.0,71.0,0.4416801929473877,0.9378395080566406,1022,1,1756785170.6716619,1756785172.0511816
8876.0,258.0,0.36306190490722656,3.5578196048736572,1014,1,1756785168.3532517,1756785172.2741337
8285.0,300.0,0.3303489685058594,4.132599115371704,1013,1,1756785168.058287,1756785172.521235
8258.0,75.0,0.42775797843933105,1.0041680335998535,1024,1,1756785171.2536633,1756785172.6855898
7095.0,123.0,2.56295108795166,3.6947827339172363,1008,1,1756785166.5906117,1756785172.8483455
6651.0,254.0,0.27523231506347656,3.6263325214385986,1017,1,1756785169.2226536,1756785173.124219
8865.0,252.0,0.3871309757232666,3.605684995651245,1018,1,1756785169.517888,1756785173.510705
7920.0,197.0,0.3489408493041992,2.8339779376983643,1021,1,1756785170.3854783,1756785173.5683978
8823.0,122.0,0.4560835361480713,1.8025634288787842,1026,1,1756785171.84309,1756785174.1017377
7651.0,289.0,0.322986364364624,4.296051025390625,1020,1,1756785170.0993044,1756785174.718342
8238.0,278.0,6.981846332550049,8.140251874923706,987,1,1756785160.4736412,1756785175.5957394
8598.0,300.0,2.7951607704162598,9.188496351242065,1002,1,1756785164.8298562,1756785176.813514
8805.0,300.0,2.121680736541748,8.91663408279419,1009,1,1756785166.8872094,1756785177.9255242
7879.0,129.0,3.804044246673584,4.269388198852539,1011,1,1756785167.4747505,1756785175.548184
7261.0,156.0,2.8868744373321533,4.335881471633911,1012,1,1756785167.771718,1756785174.994476
9067.0,222.0,4.1017045974731445,4.72716760635376,1015,1,1756785168.6403377,1756785177.4692116
7554.0,289.0,5.868303537368774,4.380578994750977,1019,1,1756785169.8045673,1756785180.0534499
7623.0,124.0,1.601085901260376,4.201824426651001,1023,1,1756785170.9595168,1756785176.7624273
8096.0,173.0,2.2576403617858887,5.075627326965332,1025,1,1756785171.5481668,1756785178.8814352
7978.0,265.0,2.8521807193756104,5.80580735206604,1027,1,1756785172.1291642,1756785180.7871542
8451.0,300.0,0.39470601081848145,3.758883237838745,1028,1,1756785172.4152136,1756785176.5688043
8270.0,213.0,0.4513223171234131,2.819413900375366,1029,1,1756785172.703256,1756785175.9739926
9217.0,255.0,0.5481002330780029,3.0391671657562256,1030,1,1756785172.9988747,1756785176.586142
8339.0,188.0,3.325676679611206,3.7749571800231934,1031,1,1756785173.2844799,1756785180.385114
8093.0,117.0,0.357175350189209,1.5766370296478271,1032,1,1756785173.5812097,1756785175.5150228
8926.0,183.0,0.41640257835388184,2.082481622695923,1033,1,1756785173.8744292,1756785176.3733141
7963.0,192.0,5.090287208557129,2.5613465309143066,1034,1,1756785174.169712,1756785181.8213458
8837.0,165.0,0.415102481842041,1.7237794399261475,1035,1,1756785174.4634554,1756785176.6023376
8686.0,149.0,0.4915504455566406,1.4207942485809326,1036,1,1756785174.751846,1756785176.6641915
